Post Type,Total Reach,Organic Reach,Total Impressions,Engaged Users,Interactions,Reactions,Comments,Shares,Link Clicks,Other Clicks,Photo Views,Video Plays,Negative Feedback,Video Length,Organic Views,Paid Views,Organic 10-Sec Views,Paid 10-Sec Views,Organic Views to 95%,Paid Views to 95%,Reach (Fans),Paid Reach (Fans),Engaged Users (Fans),Reach (Non-Fans),Engaged Users (Non-Fans),Channel,Organic / Paid
Video,2667152,2730046,3521338,116607,10430,8626,1264,540,80,113488,71,48961,174,103763,611367,0,467649,0,41700,0,2604685,0,105817,62467,10790,Facebook,Organic
Photo,1793159,1810315,2491524,131569,4999,4389,554,56,NA,49430,118150,1,215,0,0,0,0,0,0,0,1776075,0,129185,17084,2384,Facebook,Organic
Video,2487603,2563641,3192138,125993,11263,9231,1494,538,77,116851,25,56721,145,95486,702163,0,453474,0,42623,0,2399541,0,111299,88062,14694,Facebook,Organic
Video,3202139,3325395,4040924,135162,12718,10159,1884,675,114,121701,29,59716,213,87806,740302,0,469904,0,41853,0,3046276,0,116923,155863,18239,Facebook,Organic
Video,1249887,1286023,1577856,80687,6523,5678,611,234,NA,84951,11,24606,94,35305,426070,0,217305,0,36068,0,1208534,0,77579,41353,3108,Facebook,Organic
Video,2904323,3019099,3776338,127526,12930,10732,1548,650,38,111918,28,50798,212,95081,730216,0,453444,0,53560,0,2755323,0,114202,149e3,13324,Facebook,Organic
Video,3742725,3922338,5024778,209731,20434,16970,2514,950,9,180693,22,94688,243,97086,986109,0,714530,0,63655,0,3488448,0,175133,254277,34598,Facebook,Organic
Video,3776575,3934510,5052713,193111,21134,17624,2489,1021,216,185185,10,86514,221,101033,1051558,0,699814,0,72251,0,3610212,0,168340,166363,24771,Facebook,Organic
Video,4405440,6787811,5557213,217589,20945,17288,3014,643,11279,230996,1946,68429,158,75134,768956,0,533236,0,75395,0,2475527,0,151687,1929913,65902,Facebook,Organic
Video,2613345,2703942,3373368,139145,14243,12220,1356,667,78,130236,3,58386,175,105534,701878,0,460270,0,51157,0,2485369,0,122871,127976,16274,Facebook,Organic
Video,2819700,2881525,4583196,129174,15134,12418,2061,655,109,124008,4,55836,203,106323,647337,0,421067,0,44894,0,2680305,0,113426,139395,15748,Facebook,Organic
Video,4929819,5884054,8117824,254563,30787,25875,3502,1410,140,229916,23,101999,252,122281,1166757,0,791298,0,116082,0,4012208,0,199267,917611,55296,Facebook,Organic
Photo,868457,870169,1327181,17357,2413,2084,308,21,1138,12626,7141,NA,103,0,0,0,0,0,0,0,865064,0,16751,3393,606,Facebook,Organic
Video,2544136,2487079,3902345,74018,3848,3424,320,104,19,74993,11,17219,158,125459,576870,0,350838,0,22196,0,2036644,0,62102,507492,11916,Facebook,Organic
SharedVideo,5367524,5305986,8943682,159860,5944,5513,431,NA,43,193312,11,24,383,10301167,791414,0,0,0,0,0,5330561,0,157841,36963,2019,Facebook,Organic
SharedVideo,6503468,6558389,10765344,285099,9038,8367,671,NA,46,338797,7,36,396,13369900,1046895,0,0,0,0,0,6444460,0,281817,59008,3282,Facebook,Organic
SharedVideo,4578431,4645951,7227378,114157,4651,4418,233,NA,44,139287,5,16,300,14363867,591356,0,0,0,0,0,4548168,0,112958,30263,1199,Facebook,Organic
SharedVideo,4849722,4874560,7782185,125985,4903,4656,247,NA,32,146108,7,38,323,10687834,720019,0,0,0,0,0,4830335,0,123527,19387,2458,Facebook,Organic
SharedVideo,4861579,4825471,7670201,133754,4633,4464,169,NA,47,155023,5,28,296,13849867,743484,0,0,0,0,0,4839259,0,131672,22320,2082,Facebook,Organic
SharedVideo,4651739,4648257,7299571,120638,4984,4738,246,NA,41,140865,3,32,306,14211e3,640080,0,0,0,0,0,4626759,0,118791,24980,1847,Facebook,Organic
SharedVideo,5559462,5496806,9005670,180343,6582,6112,470,NA,44,216495,12,40,364,10185867,798228,0,0,0,0,0,5523049,0,178385,36413,1958,Facebook,Organic
SharedVideo,5197484,5193695,8444991,145989,6230,5825,405,NA,73,177954,3,27,322,14406867,792767,0,0,0,0,0,5166621,0,144225,30863,1764,Facebook,Organic
Video,923336,923015,1358617,20238,1759,1486,229,44,2,17156,16,8106,88,91689,192250,0,47225,0,5176,0,884624,0,18721,38712,1517,Facebook,Organic
Photo,770376,775709,1167099,7417,1908,1664,203,41,469,4530,2698,NA,83,0,0,0,0,0,0,0,763137,0,6588,7239,829,Facebook,Organic
Video,4361589,4367561,7397435,248022,35018,27303,6281,1434,189,239795,6,99760,272,95742,1058368,0,688870,0,83377,0,3924603,0,212762,436986,35260,Facebook,Organic
Video,4668960,4620092,7630060,423800,45568,34910,7213,3445,62,427233,16,144016,331,123987,1326085,0,831834,0,180656,0,4012086,0,360284,656874,63516,Facebook,Organic
Video,5366474,5414692,8963189,275741,31095,25648,3952,1495,220,258460,7,107626,313,122643,1271056,0,872290,0,107208,0,4519761,0,232844,846713,42897,Facebook,Organic
Video,635063,635697,983464,12553,1951,1824,86,41,419,9714,2,4815,57,21332,96093,0,35125,0,16626,0,624705,0,11238,10358,1315,Facebook,Organic
Photo,1564231,1569394,2356201,55057,8684,6863,1693,128,26010,33027,14719,NA,157,0,0,0,0,0,0,0,1547521,0,51356,16710,3701,Facebook,Organic
Video,4840796,4832068,8192571,234463,33690,27442,4866,1382,251,227354,12,87241,319,88809,1296597,0,909513,0,394840,0,4330510,0,207517,510286,26946,Facebook,Organic
Video,5148257,5100482,8637728,235146,41420,34801,4785,1834,194,226745,9,70521,277,97555,1358482,0,892571,0,279575,0,4585808,0,207551,562449,27595,Facebook,Organic
Video,3051221,3046955,4921750,139307,29516,23202,5519,795,3694,133899,20,41253,157,36030,558767,0,326368,0,37850,0,2864520,0,128813,186701,10494,Facebook,Organic
Video,5681311,5680316,9730881,306897,39831,32841,5194,1796,232,279055,7,109097,369,120937,1486571,0,1125435,0,444875,0,4949708,0,255362,731603,51535,Facebook,Organic
Video,3115224,3134296,5529959,155613,16943,13517,2775,651,99,157331,8,41110,191,126462,637794,0,280569,0,61669,0,2877114,0,141846,238110,13767,Facebook,Organic
Video,7383958,7485032,12914296,393069,60995,48133,9378,3484,32,365155,9,142365,370,105854,1969863,0,1571307,0,585049,0,5470651,0,293731,1913307,99338,Facebook,Organic
Video,10377865,10646590,18978880,734705,126297,80936,33165,12196,283,790482,13,234577,494,207571,2294953,0,1458055,0,612554,0,6028988,0,456817,4348877,277888,Facebook,Organic
Video,6158893,6392730,10990190,315264,41746,31489,8e3,2257,287,294208,12,98351,347,116542,1475510,0,1135282,0,399868,0,5019984,0,248795,1138909,66469,Facebook,Organic
Video,4938423,4942127,8463139,229732,35935,28560,5783,1592,12,225827,8,65724,335,112361,1172787,0,876450,0,350192,0,4580670,0,207827,357753,21905,Facebook,Organic
Video,5314343,3946022,8913348,223394,31445,28118,1924,1403,72,209189,54,64933,214,66878,1289908,808075,666521,336085,242497,87170,3660542,197789,193133,1653801,30261,Facebook,Paid
Video,1361462,1349317,2022921,44236,6875,6206,541,128,284,37761,4,17450,107,60323,243073,0,106811,0,25320,0,1292741,0,42725,68721,1511,Facebook,Organic
Video,5009300,5029533,8516700,240979,28054,23504,3319,1231,188,242486,4,75780,256,107091,1357656,0,883636,0,355970,0,4453039,0,219872,556261,21107,Facebook,Organic
Photo,731296,729602,1108636,15531,3603,3120,443,40,506,10688,7316,NA,92,0,0,0,0,0,0,0,720061,0,14547,11235,984,Facebook,Organic
Video,6541679,6559854,12276160,377257,68582,50246,14129,4207,429,372570,26,104576,402,110974,1851390,0,1185473,0,545206,0,5471872,0,298348,1069807,78909,Facebook,Organic
Video,4994928,4960345,8727468,246580,32652,26321,4619,1712,208,235118,25,69842,301,90025,1337230,0,869376,0,337054,0,4595746,0,227043,399182,19537,Facebook,Organic
Video,1415751,1415451,2386881,46084,7268,5526,1489,253,801,44396,1,16865,78,25278,268122,0,99344,0,42473,0,1387004,0,43403,28747,2681,Facebook,Organic
Video,5538179,5575717,9345262,232620,33227,28042,3339,1846,224,237921,27,71555,266,83283,1418995,0,1033881,0,389739,0,4822041,0,202278,716138,30342,Facebook,Organic
Video,3535996,3542001,5839547,226598,30336,21853,7054,1429,11,254979,18,65893,131,51347,669882,0,400665,0,50234,0,3148290,0,209042,387706,17556,Facebook,Organic
Video,3248320,3224981,5171725,173129,15771,14797,423,551,1322,162488,3,60879,122,60179,1407680,0,726072,0,214858,0,3144284,0,168744,104036,4385,Facebook,Organic
Video,1802668,1816981,2916869,129973,11650,10034,1430,186,520,117904,10,76613,107,15273,644633,0,410887,0,174630,0,1773055,0,124408,29613,5565,Facebook,Organic
Video,7367589,7621259,13262807,475289,65332,54161,6842,4329,455,436801,17,149766,425,111635,2262552,0,1574302,0,733815,0,5964826,0,369473,1402763,105816,Facebook,Organic
Video,2643137,2621181,3995940,162825,17549,16093,1133,323,6,145755,203,92701,101,15273,818877,0,466398,0,213436,0,1499219,0,94761,1143918,68064,Facebook,Organic
Video,2906188,2986696,4715736,156725,26490,23661,1342,1487,92,146843,10,50487,136,85587,823857,0,491002,0,70571,0,2804714,0,148133,101474,8592,Facebook,Organic
Video,7875626,8153702,14191683,567966,105415,77473,20759,7183,627,549788,31,162864,426,93587,2444331,0,1495105,0,714855,0,6253494,0,469060,1622132,98906,Facebook,Organic
Video,10536297,11174315,18647552,703277,227082,167686,31032,28364,956,671702,159,201639,636,137577,2714440,0,1525099,0,262359,0,6071049,0,460610,4465248,242667,Facebook,Organic
Link,1454087,1455425,2133336,59094,13228,10667,2262,299,23077,40305,1,NA,157,0,0,0,2,0,1,0,1402571,0,56881,51516,2213,Facebook,Organic
Video,3218645,3245727,5551470,250406,13356,12360,616,380,33,256672,7,55061,218,59177,1240196,0,572781,0,208851,0,3106116,0,237412,112529,12994,Facebook,Organic
Link,1961948,1995964,3120082,137952,20480,16389,3338,753,106179,51167,12,NA,183,0,0,0,0,0,0,0,1697392,0,123572,264556,14380,Facebook,Organic
Link,2033303,2006567,3043026,114809,28728,22123,5522,1083,44440,82865,14,NA,193,0,0,0,0,0,0,0,1863423,0,109631,169880,5178,Facebook,Organic
Link,3541756,3558055,5360612,390986,30807,26669,4127,777,385373,156077,33,NA,287,0,0,0,0,0,0,0,3353885,0,381350,187871,9636,Facebook,Organic
Link,3939195,3931437,6097245,456352,19429,15997,3061,371,426506,200632,16,NA,235,0,0,0,0,0,0,0,3808964,0,446695,130231,9657,Facebook,Organic
Link,3858135,3891926,6141826,431047,18839,16087,2417,335,385974,191380,32,NA,260,0,0,0,1,0,0,0,3741118,0,422061,117017,8986,Facebook,Organic
Link,3610852,3632715,5669515,397854,18112,15029,2804,279,352486,168585,11,NA,238,0,0,0,0,0,0,0,3485912,0,388763,124940,9091,Facebook,Organic
Link,3693467,3737608,5627231,351301,18742,15926,2490,326,325027,181636,15,NA,182,0,0,0,0,0,0,0,3603813,0,346243,89654,5058,Facebook,Organic
Link,3358756,3414304,5119982,303262,13098,11301,1502,295,297787,183992,292,2,221,0,0,0,73,0,15,0,3276347,0,300292,82409,2970,Facebook,Organic
Video,13759865,14533804,26374832,1121443,140983,104543,22943,13497,22015,1335777,414,352199,917,141310,2983006,0,1880303,0,392534,0,6346247,0,717718,7413618,403725,Facebook,Organic
Photo,1537077,1544317,2268333,58880,18960,17948,663,349,2951,24144,32403,NA,165,0,0,0,0,0,0,0,1517874,0,55484,19203,3396,Facebook,Organic
Video,9426371,9718132,16065465,715605,158987,114247,28072,16668,1127,731322,194,203402,713,93097,2337061,0,1300620,0,205810,0,5930469,0,529082,3495902,186523,Facebook,Organic
Link,4210678,4224782,6540371,254262,62430,49964,9908,2558,161575,105598,35,NA,403,0,36,0,22,0,6,0,3754157,0,237949,456521,16313,Facebook,Organic
Link,4213543,4236335,6549633,254722,63019,50467,9971,2581,161594,105639,35,NA,404,0,0,0,22,0,6,0,3754157,0,238132,459386,16590,Facebook,Organic
Video,3855421,3785316,5955788,343198,46649,37749,5841,3059,277,324226,630,147352,344,48318,974360,0,616190,0,84916,0,3116122,0,292662,739299,50536,Facebook,Organic
Video,11169121,11679650,19445358,781061,203639,152629,28621,22389,2356,764454,2986,246049,870,86441,2303853,0,1320456,0,277755,0,5697155,0,531491,5471966,249570,Facebook,Organic
Photo,1825725,1835069,2814309,76311,38858,35608,2124,1126,11755,33867,21598,NA,240,0,0,0,0,0,0,0,1713192,0,72943,112533,3368,Facebook,Organic
Video,3435056,3510318,5558326,272410,42778,34294,5549,2935,183,256513,732,108942,245,34025,839043,0,474390,0,93858,0,3138958,0,249356,296098,23054,Facebook,Organic
Video,2594361,2582935,4002842,186171,19826,16640,2224,962,308,184010,381,69850,217,30334,659473,0,372952,0,59766,0,2408877,0,179567,185484,6604,Facebook,Organic
Video,5200996,5376882,8226346,325409,43614,34098,6574,2942,474,322551,1203,133234,308,31315,912183,0,575021,0,124686,0,3107555,0,245132,2093441,80277,Facebook,Organic
Video,5266702,5210864,8234541,416989,80490,53034,20371,7085,952,413001,1976,144434,345,52286,971277,0,657095,0,135352,0,4038872,0,344795,1227830,72194,Facebook,Organic
Video,3052825,3032139,4506119,387516,74950,61020,9483,4447,1637,350953,1273,173695,358,7756,1200008,0,740799,0,727341,0,2296827,0,321893,755998,65623,Facebook,Organic
Video,10323441,10573733,16076536,679786,217966,146640,49967,21359,3734,723607,3642,169e3,847,59902,2210609,0,1508333,0,971551,0,4851533,0,473034,5471908,206752,Facebook,Organic
Video,3998918,3993774,6533268,295935,35265,25987,6948,2330,635,279631,963,111790,238,71827,765750,27,530395,27,73049,4,3549594,0,268045,449324,27890,Facebook,Organic
Video,4937183,5088617,8286774,236590,22964,20975,1050,939,190,240268,218,102629,430,40681,815705,0,452115,0,261902,0,4125033,0,205581,812150,31009,Facebook,Organic
Video,4480929,4545557,7470756,412459,50504,36908,10351,3245,411,402660,1460,196105,334,48595,1032988,0,671418,0,103058,0,3832904,0,366235,648025,46224,Facebook,Organic
Video,6311444,6295490,10361722,527379,95421,62017,26782,6622,541,520527,2729,238659,531,46697,1409139,0,1012955,0,177056,0,4567871,0,436980,1743573,90399,Facebook,Organic
Video,11472246,11736580,18837987,642453,49736,45418,1608,2710,193,711374,481,353511,1068,36137,1930614,0,1048943,0,596798,0,5303828,0,393850,6168418,248603,Facebook,Organic
Link,2078665,2067398,3042021,72606,14309,12723,1297,289,44127,30250,NA,NA,167,0,1,0,1,0,0,0,1975259,0,70164,103406,2442,Facebook,Organic
Link,1240038,1243150,1878278,28889,8659,7430,981,248,7654,20103,1,NA,137,0,0,0,0,0,0,0,1181399,0,27614,58639,1275,Facebook,Organic
Link,1662010,1666066,2414646,48808,13775,12699,756,320,26658,19736,2,NA,142,0,0,0,0,0,0,0,1593311,0,47315,68699,1493,Facebook,Organic
Link,2215477,2198014,3345368,102938,12387,8924,3256,207,84884,47176,4,NA,171,0,2,0,1,0,0,0,2052463,0,99917,163014,3021,Facebook,Organic
Link,2126572,2104086,3209520,86202,21398,19779,1078,554,47089,37680,5,NA,180,0,6,0,4,0,2,0,1975838,0,83575,150734,2627,Facebook,Organic
Link,2177137,2179035,3326074,93969,18418,16903,1002,513,66728,28130,NA,NA,159,0,209,0,140,0,34,0,1994474,0,92165,182663,1804,Facebook,Organic
Video,8207835,8393693,14301013,653192,153127,108566,28834,15727,2363,613174,2917,213251,478,58515,1996274,0,1163130,0,285732,0,4826152,0,461714,3381683,191478,Facebook,Organic
Video,4038177,4054219,6726058,376659,45059,34131,7808,3120,1468,365413,1149,123875,251,85971,961035,0,500472,0,93933,0,3279432,0,332969,758745,43690,Facebook,Organic
Video,8609916,8808818,15171078,644362,172797,132824,19438,20535,4119,611819,2946,212637,567,61118,1796875,0,1176032,0,248530,0,4724488,0,451644,3885428,192718,Facebook,Organic
Video,21178447,22764561,49025360,2028572,345804,244158,68089,33557,244,1831891,6059,1002133,1521,77886,8348826,0,6141577,0,2850855,0,7970684,0,1006038,13207763,1022534,Facebook,Organic
Photo,1293253,1291257,1988644,58563,30983,29317,943,723,6315,25046,15691,1,131,0,0,0,0,0,0,0,1211249,0,54348,82004,4215,Facebook,Organic
Video,1808175,1806592,2746477,78620,6675,6104,346,225,22,59705,254,41400,119,34451,398325,0,150868,0,40952,0,1725621,0,74121,82554,4499,Facebook,Organic
Video,16581384,16665488,28156054,1496255,460559,306738,94530,59291,8259,1479087,9698,505268,1527,48126,4041513,6,2323978,4,763786,1,6214618,0,847817,10366766,648438,Facebook,Organic
Photo,5470062,5500579,8642475,421527,136108,109880,19064,7164,124301,265477,107092,NA,705,0,0,0,0,0,0,0,3996871,0,354060,1473191,67467,Facebook,Organic
Video,5203294,5256957,8994745,275896,26600,22880,2939,781,26,273605,564,54199,276,109374,1590790,0,1026545,0,136837,0,4344105,0,244859,859189,31037,Facebook,Organic
Video,2579755,2616262,4019359,89996,6339,6101,114,124,2665,62237,291,53358,159,43411,971594,0,458672,0,165520,0,2396124,0,76294,183631,13702,Facebook,Organic
Video,1855526,1828498,2883976,118241,10670,9949,552,169,8,96844,253,67059,111,20286,738375,0,348520,0,46116,0,1775725,0,111057,79801,7184,Facebook,Organic
Video,1565867,1568270,2511768,87208,13620,12972,418,230,NA,72804,242,40553,130,20286,553703,0,281707,0,35968,0,1397874,0,74539,167993,12669,Facebook,Organic
Video,8734347,8996777,15488067,471814,21317,20448,450,419,14,468723,967,171533,425,50292,2601979,0,1607693,0,941857,0,4216870,0,252447,4517477,219367,Facebook,Organic
Video,1978939,1995581,3357971,179551,11665,10862,638,165,2,158734,412,115143,150,15358,796974,0,456757,0,241521,0,1922630,0,173025,56309,6526,Facebook,Organic
Video,1228215,1231606,1948123,90982,8734,7635,921,178,37,71164,179,58736,123,7267,397901,0,235370,0,238238,0,1192947,0,85634,35268,5348,Facebook,Organic
Video,1518853,1522862,2402279,111031,10322,9071,999,252,3,91202,217,78634,140,9217,495869,0,392884,0,404833,0,1452789,0,104867,66064,6164,Facebook,Organic
Video,2752133,2750053,4368425,119349,9836,8254,1298,284,1126,122605,236,26788,145,59326,738890,0,368567,0,40651,0,2601439,0,112611,150694,6738,Facebook,Organic
Video,101160,101712,137754,10597,1107,1013,58,36,1,3682,67,7721,13,17299,50906,0,20877,0,8171,0,94073,0,8284,7087,2313,Facebook,Organic
Video,1434885,1444055,2189013,125870,10404,9725,446,233,1,106393,394,75384,89,17299,546502,0,300976,0,104634,0,1360835,0,116354,74050,9516,Facebook,Organic
Video,2867811,2917749,4497520,148900,12586,10402,1612,572,19,150479,467,33036,231,76819,806780,0,535264,0,151154,0,2406094,0,130927,461717,17973,Facebook,Organic
Video,1324242,1337946,2012565,67444,21134,19614,456,1064,10,45188,212,31818,200,12444,286986,0,76377,0,45855,0,1200228,0,60143,124014,7301,Facebook,Organic
Link,1068021,1091646,1603272,19657,1584,1426,134,24,11796,13468,18,2,115,0,277,0,127,0,14,0,1049608,0,18786,18413,871,Facebook,Organic
Video,3020308,3029849,4177983,132793,25031,23829,541,661,216,133462,1883,43960,343,6016811,624337,0,284786,0,1330,0,2261673,0,114298,758635,18495,Facebook,Organic
Video,3627768,3660420,4966869,190903,33195,30149,2013,1033,108,180648,2443,52837,676,7361717,935053,0,438468,0,1215,0,2829459,0,160375,798309,30528,Facebook,Organic
Video,3494281,3489990,4650839,147195,30017,27225,1623,1169,6,154293,2789,43972,575,7092843,766705,0,353702,0,216,0,2687840,0,126476,806441,20719,Facebook,Organic
Video,3085209,3051471,4191370,148803,26900,24651,1366,883,79,146207,1840,42360,414,4347884,718891,0,331422,0,119,0,2309837,0,119795,775372,29008,Facebook,Organic
Video,2655420,2662532,3545023,88708,19246,17477,1118,651,47,85408,1991,31672,236,5242317,507693,0,206740,0,614,0,1881151,0,78121,774269,10587,Facebook,Organic
Video,2730634,2779279,3856581,123136,22703,20363,1508,832,90,131067,2611,33219,294,5806806,598034,0,267268,0,433,0,2098118,0,97797,632516,25339,Facebook,Organic
Link,496850,497473,716323,3145,626,573,43,10,1393,1722,NA,NA,78,0,148,0,120,0,52,0,493937,0,3006,2913,139,Facebook,Organic
Video,1640159,1638062,2609247,105623,8343,7682,553,108,12,95910,268,49076,144,15393,544053,0,444363,0,179703,0,1578053,0,102207,62106,3416,Facebook,Organic
Video,1344938,1348520,2067296,26491,4126,3521,419,186,11763,10109,39,9311,116,44862,182810,0,76546,0,33972,0,1310014,0,24258,34924,2233,Facebook,Organic
Video,302257,302473,477856,2823,537,491,37,9,141,1569,6,988,54,1801214,41320,0,11849,0,72,0,300997,0,2627,1260,196,Facebook,Organic
Video,2504660,2519777,3975680,108846,8330,7082,1121,127,4,101799,266,40480,170,30393,502192,0,307119,0,45620,0,2427542,0,103265,77118,5581,Facebook,Organic
Video,1338921,1330389,2123544,77006,21981,21045,316,620,26,53643,264,34019,160,12978,380038,0,104117,0,50193,0,1250856,0,72820,88065,4186,Facebook,Organic
Video,1385976,1392840,2117772,53340,4085,3535,375,175,12,55308,156,18345,114,84658,248597,0,101376,0,38797,0,1371663,0,51650,14313,1690,Facebook,Organic
Video,1281348,1286596,2083170,75404,11808,11066,609,133,20964,42779,184,28183,90,59301,346953,1,127840,1,15969,1,1173593,0,57903,107755,17501,Facebook,Organic
Link,1255997,1259633,1809604,17733,1907,1675,191,41,8337,12760,NA,NA,123,0,659,0,389,0,22,0,1245529,0,17296,10468,437,Facebook,Organic
Video,2798436,2802637,3772968,124849,24591,22676,1291,624,35,111095,1481,35925,456,5082100,598813,0,296675,0,497,0,2165237,0,110211,633199,14638,Facebook,Organic
Video,2674684,2665225,3497653,97780,21909,20258,1118,533,35,92966,1519,30218,291,4887100,476368,0,223855,0,269,0,1901482,0,86544,773202,11236,Facebook,Organic
Video,2244723,2261033,3132733,83549,17622,16293,969,360,28,80884,1454,24698,268,4807017,435295,0,201565,0,149,0,1765060,0,77068,479663,6481,Facebook,Organic
Video,2558290,2565953,3423452,85633,18127,16568,1071,488,31,89883,2413,26723,255,6095450,442365,0,208366,0,79,0,1858034,0,77919,700256,7714,Facebook,Organic
Video,2968566,2976966,4139983,96070,25104,23086,1379,639,44,100883,1214,28986,337,6165150,498412,0,218914,0,319,0,1896027,0,73663,1072539,22407,Facebook,Organic
Video,2697597,2718307,4359145,215562,42355,36953,3990,1412,170,198122,615,84248,178,15393,908811,0,511933,0,288695,0,2240808,0,188363,456789,27199,Facebook,Organic
Link,2029698,2040408,3139817,88386,8094,6906,1093,95,56852,45003,NA,NA,165,0,6,0,1,0,0,0,1965635,0,86535,64063,1851,Facebook,Organic
Video,860866,861515,1386030,16385,828,767,39,22,922,15208,54,4599,75,270377,165573,0,57494,0,4565,0,856372,0,16122,4494,263,Facebook,Organic
Video,1133428,1139358,1719357,80838,7041,6318,545,178,30,70583,230,55878,101,8660,393228,0,210585,0,209507,0,1113356,0,77932,20072,2906,Facebook,Organic
Video,1433852,1446595,2189166,103551,9291,8148,840,303,11,91722,230,65560,123,8962,443805,0,273062,0,272811,0,1399266,0,100852,34586,2699,Facebook,Organic
Video,295315,294227,452550,3309,617,565,43,9,152,2236,2,1071,53,1011134,43665,0,14134,0,241,0,291441,0,3122,3874,187,Facebook,Organic
Video,2718553,2771688,4518436,259071,47704,31876,13799,2029,45,245225,1508,123091,247,9078,937094,0,575504,0,577537,0,2227191,0,215883,491362,43188,Facebook,Organic
Video,1621693,1617e3,2553879,122562,14486,12598,1748,140,NA,110263,305,61596,95,15358,613458,0,410330,0,166787,0,1522329,0,115923,99364,6639,Facebook,Organic
Video,371552,371900,568652,6303,835,787,41,7,146,4554,45,1712,46,20542,62827,0,17540,0,5932,0,363721,0,5927,7831,376,Facebook,Organic
Video,511629,511903,774262,13528,1422,1288,111,23,6411,6111,18,5137,54,8213,92088,0,38222,0,38183,0,505376,0,12938,6253,590,Facebook,Organic
Video,2422897,2421241,3445830,100612,10959,10467,229,263,284,97617,427,40307,217,1373320,525460,0,258097,0,1236,0,2110098,0,94157,312799,6455,Facebook,Organic
Video,5519924,5684769,8261946,177236,41618,39101,1772,745,152,181003,1813,50214,562,13836843,998240,0,400627,0,219,0,4078674,0,156617,1441250,20619,Facebook,Organic
Video,4187360,4242961,6009800,131108,23419,21575,1286,558,82,120188,1191,36938,383,5466475,729600,0,309782,0,134,0,3196039,0,117174,991321,13934,Facebook,Organic
Video,4508478,4584158,8300111,148402,27321,24876,1664,781,217,156178,1669,44174,480,6731478,884057,0,331987,0,113,0,3894041,0,130720,614437,17682,Facebook,Organic
Video,605830,609315,956328,20269,1776,1595,162,19,10848,9002,37,7643,65,8213,98839,0,47905,0,47900,0,598222,0,19463,7608,806,Facebook,Organic
Video,5617946,5575775,8477014,180007,39169,37648,743,778,123,179258,3732,57352,595,12998934,980786,0,416517,0,249,0,3877761,0,162864,1740185,17143,Facebook,Organic
Video,3711251,3648404,4864066,139717,27868,25905,1017,946,25,139172,1279,41464,525,3993323,777337,0,329828,0,4,0,2588984,0,107215,1122267,32502,Facebook,Organic
Video,4120547,4125377,6653499,152948,40092,36938,2172,982,38,166316,2054,43547,469,10204834,815411,0,334649,0,178,0,3642502,0,138013,478045,14935,Facebook,Organic
Photo,540854,541337,813256,6925,1e3,805,181,14,239,2190,5553,NA,77,0,0,0,0,0,0,0,538784,0,5689,2070,1236,Facebook,Organic
Video,2780721,2817511,4726221,91678,8779,6571,1765,443,2665,87361,227,26637,160,31230,591703,0,301675,0,115176,0,2666460,0,86414,114261,5264,Facebook,Organic
Video,1279598,1285903,2023028,88469,11616,10912,519,185,5,76435,154,48328,83,15358,393851,0,267246,0,113495,0,1247780,0,85389,31818,3080,Facebook,Organic
Video,1572490,1565071,2460527,141731,16889,15104,1406,379,27,118993,340,92423,142,8170,558253,0,295010,0,295145,0,1467651,0,135400,104839,6331,Facebook,Organic
Video,1422235,1428835,2223781,75850,14689,13834,407,448,170,56591,301,36239,107,29139,310166,0,131725,0,36166,0,1342659,0,65983,79576,9867,Facebook,Organic
Video,4338477,4356711,7317048,211639,17245,15715,873,657,147,210902,384,47569,218,86449,1278153,0,721383,0,81513,0,4166880,0,202182,171597,9457,Facebook,Organic
Video,1496071,1496072,2349530,107219,10799,9389,1130,280,14,88571,258,68487,152,8895,433953,0,219831,0,221400,0,1405302,0,98529,90769,8690,Facebook,Organic
Video,2397535,2421605,3887867,229473,24032,18631,4694,707,4,194455,613,135862,202,9834,753678,0,515349,0,518542,0,2159465,0,210064,238070,19409,Facebook,Organic
Video,611490,608497,957615,12806,1560,1467,67,26,NA,12120,67,4865,56,1494270,107122,0,25770,0,525,0,599583,0,12318,11907,488,Facebook,Organic
Video,1855708,1846853,2908283,157423,17096,14243,2430,423,7,135933,484,100850,167,8597,569e3,0,344262,0,345058,0,1730578,0,147799,125130,9624,Facebook,Organic
Photo,1545820,1543013,2241021,80041,6192,4527,1521,144,14,32465,79850,NA,145,0,0,0,0,0,0,0,1441454,0,75478,104366,4563,Facebook,Organic
Video,1431334,1434921,2265384,124804,13520,11850,1320,350,4,101142,341,82866,129,8575,481230,0,292238,0,293148,0,1376580,0,118658,54754,6146,Facebook,Organic
Video,1452211,1453491,2276190,124400,9546,8983,462,101,16,102690,229,77287,93,15358,528416,0,332044,0,163944,0,1408485,0,120634,43726,3766,Facebook,Organic
Link,2745546,2754488,4498546,123673,12662,9631,2814,217,81287,61195,4,1,187,0,131,0,51,0,50,0,2621507,0,120611,124039,3062,Facebook,Organic
Video,2065012,2085348,3336202,200592,23113,18868,3618,627,30,166305,601,122887,182,10345,790962,0,207336,0,205672,0,1911933,0,184478,153079,16114,Facebook,Organic
Link,2399441,2424971,3950306,114323,8841,6342,2393,106,86276,61188,18,NA,190,0,55,0,22,0,19,0,2326870,0,110643,72571,3680,Facebook,Organic
Video,1967337,1942941,3078839,146237,19580,15571,3246,763,30,123811,492,86461,160,11326,708208,0,294359,0,256167,0,1780152,0,129943,187185,16294,Facebook,Organic
Video,2196671,2204078,3582530,179323,25157,19884,4348,925,14,154844,545,99400,186,10345,700379,0,364512,0,366581,0,1980383,0,162323,216288,17e3,Facebook,Organic
Video,5240359,5261006,8349286,261017,19900,17697,1808,395,16,253697,689,139653,261,30355,1181608,0,786632,0,122111,0,3080723,0,159003,2159636,102014,Facebook,Organic
Video,1598088,1602982,2431813,136671,7031,6436,471,124,2,124163,192,79862,104,15358,598598,0,329491,0,186428,0,1541288,0,131861,56800,4810,Facebook,Organic
Video,1592728,1597388,2462350,65356,7658,7120,370,168,NA,59564,183,35096,79,17790,245818,0,195293,0,68187,0,1556832,0,62261,35896,3095,Facebook,Organic
Video,1987793,2005634,3037999,173760,21894,17876,3271,747,6,148314,482,106155,177,8661,666151,0,217904,0,216663,0,1822061,0,159679,165732,14081,Facebook,Organic
Video,1926329,1919450,2957722,165843,14907,13435,1098,374,1,133468,321,110342,126,11561,709407,0,340400,0,180723,0,1823652,0,156383,102677,9460,Facebook,Organic
Video,2056650,2042695,3066069,109758,9295,8110,1004,181,190,107134,276,40959,125,20435,584658,0,421567,0,132076,0,1945793,0,103140,110857,6618,Facebook,Organic
Video,2739711,2781138,4163913,252066,29072,23905,4080,1087,74,215934,689,155737,247,10345,965615,0,284631,0,288721,0,2491299,0,228793,248412,23273,Facebook,Organic
Video,3076875,3079128,4576096,316434,22112,19914,1574,624,385,271097,672,226647,249,8639,1249526,0,354842,0,342586,0,2775698,0,285018,301177,31416,Facebook,Organic
Video,1430257,1435180,2191596,35067,3565,3319,207,39,19111,11779,27,13902,100,25363,178167,0,79564,0,33604,0,1399488,0,33435,30769,1632,Facebook,Organic
Video,3303413,3294372,5096262,375240,37057,27994,7784,1279,206,341141,1213,245636,296,8170,1498694,0,475706,0,455932,0,2826346,0,333180,477067,42060,Facebook,Organic
Video,2214974,2225119,3343140,243656,16472,13465,2529,478,54,214285,563,136788,172,8874,817539,0,338382,0,332658,0,2087424,0,229189,127550,14467,Facebook,Organic
Video,2377267,2357847,3585155,196049,20904,16890,3262,752,35,175196,647,119257,201,10345,741990,0,242234,0,239853,0,2118532,0,178926,258735,17123,Facebook,Organic
Video,1390695,1387064,2127358,57254,3527,3256,204,67,35082,21719,76,23494,124,8213,261556,0,143327,0,144072,0,1371393,0,55109,19302,2145,Facebook,Organic
Video,5057258,5122239,7736450,270067,61177,51921,8108,1148,188,308245,4617,74444,1649,6745907,1170408,0,581786,0,1864,0,3863304,0,220027,1193954,50040,Facebook,Organic
Video,5678846,5680217,8390152,320122,69939,59504,9101,1334,131,356971,3466,77788,1152,7039638,1260614,0,643818,0,247,0,4281425,0,266715,1397421,53407,Facebook,Organic
Video,5402312,5441393,7941671,276584,66601,57917,7076,1608,86,309799,3019,61159,1103,5898646,1299432,0,637799,0,154,0,4326247,0,235714,1076065,40870,Facebook,Organic
Video,5105287,5191751,8504e3,231512,63009,54578,6967,1464,54,282932,3546,45698,612,6323073,1013906,0,444679,0,471,0,4000279,0,178801,1105008,52711,Facebook,Organic
Video,3002237,3018630,4661858,245430,20003,16662,3002,339,46,241076,600,136095,188,20435,1017464,0,577978,0,185169,0,2745675,0,231743,256562,13687,Facebook,Organic
Video,1998090,1966833,2981771,131447,9166,8613,432,121,5,115750,331,80608,147,20435,676490,0,410697,0,98607,0,1911347,0,129020,86743,2427,Facebook,Organic
Video,6251127,6319874,10797087,339851,28220,22411,3896,1913,65,320993,2949,124541,305,120041,1112783,0,702040,0,228636,0,4675132,0,283738,1575995,56113,Facebook,Organic
Video,2350865,2384845,3572773,169337,10790,10070,556,164,32,154536,369,97825,154,20435,741061,0,511262,0,130126,0,2232675,0,161767,118190,7570,Facebook,Organic
Link,1088617,1084902,1609751,9276,1448,1367,56,25,3971,4582,42,NA,73,0,587,0,378,0,1,0,1071941,0,9073,16676,203,Facebook,Organic
Video,3651697,3612669,5082486,177736,44707,37813,5438,1456,57,196489,1395,37866,730,6987834,777865,0,391469,0,323,0,2900269,0,155645,751428,22091,Facebook,Organic
Video,3094097,3193013,4529530,141380,27222,23597,2968,657,78,144508,1108,39761,376,6648234,572065,0,246545,0,168,0,2363034,0,124464,731063,16916,Facebook,Organic
Video,3878101,3896498,5228803,187076,39328,35262,2879,1187,36,198501,1500,45563,1481,5346475,889386,0,406364,0,273,0,2929489,0,159026,948612,28050,Facebook,Organic
Video,5122668,5317313,8496860,235601,48208,43194,3628,1386,303,282200,2612,47970,587,6260034,974571,0,435431,0,245,0,3827627,0,181396,1295041,54205,Facebook,Organic
Video,4296635,4393267,6800891,258731,21752,18419,2979,354,9,238013,757,112168,208,30633,958105,0,639400,0,92002,0,2740105,0,162603,1556530,96128,Facebook,Organic
Video,3458169,3564406,5610128,273337,46957,40692,4395,1870,1281,258584,935,115062,242,20435,1070467,0,829500,0,230277,0,2802453,0,217842,655716,55495,Facebook,Organic
Video,2332850,2321215,3731885,85538,7477,6167,1093,217,53581,40088,90,20044,168,115987,352947,0,196945,0,62045,0,2240154,0,82353,92696,3185,Facebook,Organic
Video,2157881,2178224,3442713,98295,4674,4164,413,97,69140,44605,101,31834,153,15337,382940,0,151075,0,89686,0,2120095,0,95912,37786,2383,Facebook,Organic
Video,6421970,6513247,9197485,346942,98018,86972,8996,2050,204,373665,3415,78581,1659,6150272,1460851,0,628212,0,1003,0,4684280,0,279547,1737690,67395,Facebook,Organic
Video,5480232,5490438,7680062,280093,71225,60622,9296,1307,164,304676,2248,59565,1152,4992662,1302497,0,556682,0,200,0,4106313,0,232067,1373919,48026,Facebook,Organic
Video,216610,216235,289431,9172,2038,1895,99,44,11,10657,167,1839,10,12096e5,41327,0,17577,0,0,0,213842,0,9050,2768,122,Facebook,Organic
Link,1476085,1466009,2181834,19010,2475,2255,157,63,10351,9939,19,1,112,0,5,0,3,0,2,0,1444200,0,18482,31885,528,Facebook,Organic
Video,2253940,2261126,3693502,53539,7892,6130,1453,309,26867,21428,55,19970,130,30547,407008,0,146155,0,51800,0,2203942,0,50889,49998,2650,Facebook,Organic
Video,5270791,5133095,9081285,196877,30486,26038,2566,1882,145213,67047,316,55375,296,106665,753226,0,421563,0,31259,0,4007031,0,176823,1263760,20054,Facebook,Organic
Video,3392686,3188732,5922459,100689,14486,10146,3714,626,57140,43842,130,44877,185,30547,593980,50734,245772,16101,97612,6259,3038759,79407,93132,353927,7557,Facebook,Paid
Video,3619516,3630890,5931708,218177,26977,24667,1698,612,127829,72153,410,93039,244,20435,908133,0,458209,0,172903,0,3295936,0,201795,323580,16382,Facebook,Organic
Video,4173784,1901483,9233038,139414,12435,10481,1087,867,48805,27547,177,84009,177,110399,352932,1528310,126437,699834,16469,89060,2287497,629639,77117,1886287,62297,Facebook,Paid
Video,1953218,1955596,3048077,115335,6283,5626,529,128,40369,57227,220,81742,153,9258,530892,0,187675,0,185168,0,1903096,0,112362,50122,2973,Facebook,Organic
Video,2866263,2866423,4563152,158566,18300,15015,2726,559,88887,50538,255,102819,232,9642,803084,0,232940,0,228985,0,2665504,0,148776,200759,9790,Facebook,Organic
Video,4091049,4122213,6830674,193306,10595,9906,420,269,52,177108,507,81969,203,46185,908212,0,626363,0,351500,0,3923249,0,182260,167800,11046,Facebook,Organic
Video,2508669,2497854,4036314,99121,9829,9082,509,238,49,93768,211,34103,119,31728,480824,0,243009,0,98813,0,2417115,0,96077,91554,3044,Facebook,Organic
Video,2936805,2937742,4663926,178876,16221,14940,1040,241,116092,54396,241,96408,180,17065,931556,0,446277,0,141559,0,2748842,0,170137,187963,8739,Facebook,Organic
Video,2472469,2491150,3828078,235046,21365,19365,1575,425,13,206034,694,167594,204,11689,909235,0,435161,0,277891,0,2297490,0,224977,174979,10069,Facebook,Organic
Video,2503542,2523839,3782398,178711,20313,17914,1916,483,37,149768,436,111711,173,11411,720130,0,316563,0,228640,0,2310871,0,167681,192671,11030,Facebook,Organic
Video,1565639,1565929,2457400,46369,6092,5444,535,113,19548,21561,56,15918,89,14334,169993,0,66849,0,29575,0,1531754,0,43671,33885,2698,Facebook,Organic
Video,7017971,7020258,11231238,497651,44355,37650,4491,2214,140,425165,1327,271423,326,30633,1460788,0,1141155,0,257564,0,4932554,0,394064,2085417,103587,Facebook,Organic
Link,2887187,2928711,4469994,94707,12050,10862,1024,164,56297,44438,37,1,192,0,78,0,23,0,13,0,2452750,0,82074,434437,12633,Facebook,Organic
Video,1835983,1840691,2817985,54670,5559,5003,462,94,29756,23340,88,24916,107,14334,207556,3,69327,2,31389,2,1735057,0,52025,100926,2645,Facebook,Organic
Video,3116116,3125772,4953097,193921,17595,15624,1594,377,118787,56620,378,111176,244,14291,882703,8,686376,5,314928,5,2976106,0,187159,140010,6762,Facebook,Organic
Video,2303689,2287619,3574575,85363,8195,7083,951,161,44831,42993,89,31063,167,16338,318858,4,131365,1,44115,0,2127406,0,81403,176283,3960,Facebook,Organic
Video,1964773,1959701,3024588,94263,7971,6982,721,268,41,91071,229,45541,143,19625,305748,4,229737,2,54551,1,1902497,0,91484,62276,2779,Facebook,Organic
Video,3433979,3410602,5668875,136437,12613,10724,1270,619,88e3,46807,914,41596,218,54355,500814,4,230869,1,85961,0,3036672,0,122368,397307,14069,Facebook,Organic
Video,4176384,4156116,6457159,407491,25931,23514,1813,604,177839,264528,1077,197826,308,11219,1515040,8,822406,2,665344,2,3830522,0,389028,345862,18463,Facebook,Organic
Video,3642014,3632410,5629192,263203,29876,24973,3612,1291,78004,154004,706,143772,277,12457,1101438,7,729609,5,357858,3,3156590,0,234171,485424,29032,Facebook,Organic
Video,3188299,3164300,4786714,202327,19499,16601,2134,764,67805,119306,399,88299,207,14547,748570,6,522006,4,248172,2,2943700,0,190712,244599,11615,Facebook,Organic
Video,8503731,2957391,13687732,425504,35353,27482,5593,2278,59033,122120,640,327674,263,13417,768806,2693115,560031,1762884,264006,828383,2789195,532185,207708,5714536,217796,Facebook,Paid
Video,4549911,4546101,7217013,312133,29612,27782,1389,441,193586,83155,518,156681,286,20435,1344739,8,878998,6,234704,1,4021360,0,285673,528551,26460,Facebook,Organic
Video,5494328,5586214,9333011,330311,21898,19811,1424,663,234533,95665,789,125874,301,46782,1262073,1600,697367,947,189365,263,4913992,0,302736,580336,27575,Facebook,Organic
Video,3904581,3840530,6277955,211725,26252,24101,1807,344,134017,62387,179,62594,273,20435,1010927,1688,701672,1123,198648,347,3378273,0,194137,526308,17588,Facebook,Organic
Link,894269,896244,1333277,9607,2523,2263,233,27,2601,6260,1,4,83,0,239,0,85,0,82,0,884309,0,9404,9960,203,Facebook,Organic
Video,1294429,1295084,1909168,68232,9153,8173,746,234,77,56616,234,41095,132,9173,421628,884,127724,285,125330,293,1240157,0,64440,54272,3792,Facebook,Organic
Video,2460731,2471451,3798205,152392,24270,20067,3531,672,69,147209,497,64709,203,10345,787070,1664,235539,513,224171,461,2169967,0,139897,290764,12495,Facebook,Organic
Video,1392018,1401159,2158551,56510,8257,7491,582,184,14529,30695,82,28685,109,10345,302161,766,106974,276,107880,274,1359258,0,53406,32760,3104,Facebook,Organic
Link,722322,730496,1102550,9166,3084,2835,203,46,2508,5273,27,1,84,0,401,1,298,0,57,0,704145,0,8741,18177,425,Facebook,Organic
Video,5075979,5302237,8059743,185178,19190,16919,1835,436,109,177785,572,78361,196,30633,712384,1144,459556,682,87401,122,3018954,0,127650,2057025,57528,Facebook,Organic
Video,4152148,4233570,7014569,222171,34374,31147,2567,660,140055,70113,158,66458,287,20435,1124829,3494,687861,2055,208799,636,3598235,0,201165,553913,21006,Facebook,Organic
SharedVideo,1055966,660171,1381535,22506,1321,1200,121,NA,745,19861,NA,5116,74,15358,97621,5120,0,0,0,0,717169,63137,18477,338797,4029,Facebook,Paid
SharedVideo,1558661,1126298,2120330,60048,2869,2695,174,NA,598,47875,NA,16643,112,15358,199158,14438,0,0,0,0,1202832,96819,48466,355829,11582,Facebook,Paid
SharedVideo,1341722,849079,1796362,33861,1985,1853,132,NA,780,23551,1,10476,91,15358,119708,8987,0,0,0,0,885404,51182,24556,456318,9305,Facebook,Paid
Link,949767,950011,1392149,8543,1684,1555,109,20,3254,4674,NA,NA,103,0,426,4,226,3,89,1,943760,0,8432,6007,111,Facebook,Organic
SharedVideo,2488692,1179962,3401306,117796,4538,4214,324,NA,612,47289,1,79737,93,28777,173786,68336,0,0,0,0,1354229,224241,63365,1134463,54431,Facebook,Paid
SharedVideo,2144260,1188392,2746703,87715,4046,3855,191,NA,467,55439,NA,35068,93,15358,249286,29737,0,0,0,0,1293925,147316,60491,850335,27224,Facebook,Paid
Video,1874675,1898144,3049420,67098,8768,7680,909,179,36980,21803,70,31811,136,28777,287018,1029,124813,411,39914,126,1791836,0,61883,82839,5215,Facebook,Organic
Video,1014566,1009191,1497963,46709,2878,2730,101,47,38,38282,167,27877,80,17790,152998,682,94799,358,27945,100,998182,0,45005,16384,1704,Facebook,Organic
Video,3015232,3061693,5055555,148558,14476,13254,1066,156,95304,50337,114,51354,216,20435,714053,3531,366772,1667,98787,488,2854424,0,142716,160808,5842,Facebook,Organic
Video,3298280,3287021,5492509,117816,11659,10116,1146,397,74043,34515,179,46377,220,60350,700688,3702,440167,2207,39507,173,3147821,0,112362,150459,5454,Facebook,Organic
Video,3714541,3758995,6205404,221831,21659,20382,958,319,137800,59014,310,110184,231,20435,1150533,9177,671706,4838,180666,1246,3451188,0,210643,263353,11188,Facebook,Organic
Video,8598376,3361097,11269894,244417,22105,16587,4320,1198,123159,76172,207,80894,238,11262,828633,1042327,289147,263692,210959,194448,3446622,557695,177357,5151754,67060,Facebook,Paid
Video,3052259,3057185,4928412,194346,14204,12863,864,477,23,210591,573,84286,227,181971,635517,27596,317582,12081,121394,4312,2750442,0,178432,301817,15914,Facebook,Organic
Video,2731752,2760334,4304022,182628,36796,28033,7230,1533,87,157654,932,87053,248,10345,725552,29163,271304,9199,257095,8554,2234661,0,154842,497091,27786,Facebook,Organic
Link,1378991,1157366,2036507,18264,3698,3407,227,64,9297,8097,4,1,132,0,87,2,55,0,22,0,1163691,24860,15415,215300,2849,Facebook,Paid
Video,2881389,2913257,4577271,108420,8717,7858,523,336,108,96052,829,38429,157,100797,468427,19476,262079,10215,59920,1720,2594186,0,96836,287203,11584,Facebook,Organic
Video,3322882,3308429,5247087,241538,40578,28577,10306,1695,57,235906,1197,91189,309,10345,978238,36553,455176,14450,437526,13369,2759666,0,213314,563216,28224,Facebook,Organic
Video,2727212,2714152,4130159,166813,29774,24993,3866,915,11,146318,497,71328,242,10345,782442,28022,295807,9400,285144,8889,2418890,0,155861,308322,10952,Facebook,Organic
Link,1499116,1504030,2336476,39707,2801,2144,602,55,17422,75318,88,NA,172,0,3,0,2,0,0,0,1478646,0,39225,20470,482,Facebook,Organic
Video,1791444,1787991,2601754,71321,7690,7279,307,104,19601,45525,74,18649,163,18345,375308,8681,265587,5894,47138,790,1716244,0,67423,75200,3898,Facebook,Organic
Video,1544860,1545706,2289375,84139,8495,7950,388,157,206,72635,393,29024,160,18345,439576,13912,280473,8288,41408,883,1480946,0,78367,63914,5772,Facebook,Organic
Link,2112565,2126795,3355946,51736,9461,7415,1575,471,37027,25608,30,1,218,0,8,1,6,0,7,0,2001605,0,49515,110960,2221,Facebook,Organic
Link,2930918,2937168,4804604,133983,14411,11496,2636,279,90111,71596,12,NA,258,0,231,2,97,2,92,2,2731660,0,130761,199258,3222,Facebook,Organic
Video,1824878,1842890,2688191,120836,16457,13939,1945,573,87,96410,427,57581,180,10345,441294,21109,168296,6762,162613,6314,1674372,0,110144,150506,10692,Facebook,Organic
Video,1489520,1483125,2324983,95033,12878,11241,1278,359,9,78990,240,48467,180,10345,372340,22058,118113,6248,114242,5772,1401926,0,88107,87594,6926,Facebook,Organic
Video,3000989,3037568,4954836,117785,9441,7288,1838,315,7,120290,274,40762,190,30355,412894,23325,233729,13437,86027,4718,2854759,0,109962,146230,7823,Facebook,Organic
Video,2174455,2162808,3395109,64717,7833,7120,434,279,8,59145,243,21294,150,74835,363462,597,190149,324,28271,44,1942262,0,58062,232193,6655,Facebook,Organic
Video,1249316,1243689,1902833,59114,7670,7201,342,127,19,43672,248,34932,115,17790,203507,558,134903,333,33670,64,1177005,0,56029,72311,3085,Facebook,Organic
Video,2545072,2569922,3940326,195326,27655,20946,5699,1010,136,182002,1176,82446,285,10345,726162,755,333023,347,314441,289,2283787,0,172540,261285,22786,Facebook,Organic
Video,2527391,2556598,4194583,104182,10306,7594,2420,292,58936,49293,284,32827,217,14142,326227,211,164710,117,92577,54,2405567,0,98126,121824,6056,Facebook,Organic
Link,1716657,1725140,2579612,45011,3749,3071,621,57,16665,95393,NA,NA,232,0,132,0,96,0,23,0,1675576,0,44122,41081,889,Facebook,Organic
Video,1427764,1426117,2195083,79314,12930,11905,721,304,46,59783,332,44097,136,17790,245480,446,167693,256,38325,49,1317205,0,72646,110559,6668,Facebook,Organic
Video,1519984,1517161,2263351,86130,13815,12263,1140,412,89,66452,263,48063,120,10345,436857,544,122714,136,120133,121,1417380,0,80641,102604,5489,Facebook,Organic
Video,1771480,1764052,2588885,102732,10414,9459,717,238,21,86968,282,56658,140,10878,482934,454,210543,147,166063,109,1706771,0,98606,64709,4126,Facebook,Organic
Video,2195208,2175190,3288799,134157,19353,16922,1837,594,284,114757,474,63902,167,12051,522360,462,356829,304,205535,133,2027136,0,125496,168072,8661,Facebook,Organic
Video,3298904,3275241,5185030,118113,11279,9761,1282,236,50,109780,393,50732,165,30633,543025,295,347004,164,63235,20,3126867,0,113676,172037,4437,Facebook,Organic
Link,1441673,1442001,2204855,27268,1135,923,165,47,11073,21698,3,4,169,0,845,0,416,0,185,0,1420836,0,26839,20837,429,Facebook,Organic
Video,3390117,3363201,5449219,104219,1188,986,136,66,51423,63464,149,19411,219,30419,922911,216,324608,58,114723,18,3216092,0,100371,174025,3848,Facebook,Organic
Video,4350778,4304748,6459020,278666,1936,1796,91,49,219,274936,1215,170399,313,27177,1014232,256,436213,126,111282,23,2595335,0,171421,1755443,107245,Facebook,Organic
Link,1454935,1445688,2305217,42388,6954,5957,876,121,22535,27186,19,NA,168,0,0,0,0,0,0,0,1409567,0,41584,45368,804,Facebook,Organic
Link,2167234,2167761,3460569,79156,7923,7081,701,141,56781,33721,2,NA,220,0,0,0,0,0,0,0,2123123,0,78295,44111,861,Facebook,Organic
Link,1164263,1165257,1888637,37860,7048,6467,459,122,21490,18092,6,NA,159,0,0,0,0,0,0,0,1139235,0,37368,25028,492,Facebook,Organic
Link,1318978,1351709,1906880,64667,26301,22081,2803,1417,1558,51699,86,NA,127,0,0,0,0,0,0,0,1164664,0,60550,154314,4117,Facebook,Organic
Photo,2229650,2246337,3199018,96140,11072,9649,1130,293,116,74552,53577,NA,208,0,0,0,0,0,0,0,2087204,0,91133,142446,5007,Facebook,Organic
Video,5313700,5419213,8523088,171247,28238,24529,2272,1437,97257,82572,509,45657,223,80019,735809,101,328975,38,88855,8,3924962,0,150449,1388738,20798,Facebook,Organic
Video,2410865,2410008,3694665,215479,20993,18747,1606,640,1188,188971,760,106081,227,21289,548299,81,349639,42,145926,10,2135223,0,193248,275642,22231,Facebook,Organic
Video,3905977,3923041,6282671,262198,17977,15856,1397,724,106,234224,865,109432,188,69097,803173,72,407559,40,113335,4,3482916,0,246323,423061,15875,Facebook,Organic
Video,3973464,4006557,6166816,199781,17884,15214,1642,1028,23066,165032,476,68226,166,58622,677918,54,367333,28,150903,6,3559201,0,182199,414263,17582,Facebook,Organic
Video,8014189,8200939,13971128,400497,82643,56895,17927,7821,86411,358649,1737,117168,408,117630,1281501,167,623279,97,135638,24,4993490,0,314590,3020699,85907,Facebook,Organic
Link,2230115,2228426,3543040,127251,6580,6010,480,90,111131,34200,NA,2,222,0,0,0,0,0,0,0,2193295,0,126481,36820,770,Facebook,Organic
Link,2728501,2710808,4401843,152978,38924,28968,7584,2372,91811,66913,55,2,270,0,0,0,0,0,0,0,2309877,0,143050,418624,9928,Facebook,Organic
Link,1602538,1593842,2672109,112492,7909,7155,643,111,93994,31008,18,NA,154,0,0,0,0,0,0,0,1560303,0,111247,42235,1245,Facebook,Organic
Link,2425135,2426534,3901645,137841,22496,17527,3709,1260,105754,54629,16,NA,208,0,0,0,0,0,0,0,1921337,0,127881,503798,9960,Facebook,Organic
Link,2754071,2759593,4580433,217097,13636,10626,2429,581,207355,68010,3,NA,251,0,0,0,0,0,0,0,2631574,0,213726,122497,3371,Facebook,Organic
Link,1920355,1919040,3081484,131464,8072,7183,781,108,114987,43771,3,NA,165,0,0,0,0,0,0,0,1873748,0,130242,46607,1222,Facebook,Organic
Link,2136382,2121166,3431351,131500,12440,11114,1105,221,111038,52328,1,NA,197,0,0,0,0,0,0,0,2068052,0,130379,68330,1121,Facebook,Organic
Link,3565655,3564962,6084465,241588,15308,12981,2006,321,215677,84679,14,NA,316,0,0,0,0,0,0,0,3430142,0,238523,135513,3065,Facebook,Organic
Link,3622539,3628285,6090093,230537,17411,15068,1874,469,209551,60762,257,NA,303,0,0,0,0,0,0,0,3435795,0,224642,186744,5895,Facebook,Organic
Link,4626892,4628137,7674944,339593,40883,31942,7336,1605,266034,167172,52,NA,416,0,0,0,0,0,0,0,4179785,0,325171,447107,14422,Facebook,Organic
Link,4125104,4154076,7083952,336057,25128,20158,4320,650,314054,131071,14,NA,378,0,2,0,1,0,0,0,3928052,0,326561,197052,9496,Facebook,Organic
Link,4330924,4371590,7450036,301700,24300,20189,3544,567,274307,109574,5,NA,415,0,1,0,0,0,0,0,4153874,0,294086,177050,7614,Facebook,Organic
Link,4107747,4065178,6867195,269961,16892,14919,1591,382,230559,87246,5,NA,355,0,72,0,53,0,9,0,3915859,0,264524,191888,5437,Facebook,Organic
Video,21672290,22417659,45026047,1826964,168160,123504,26800,17856,8357,2085949,9513,643514,911,122793,5107097,1494,3497637,1234,283978,52,7964482,0,1080546,13707808,746418,Facebook,Organic
SharedVideo,4075845,4129514,6654623,264824,21300,19627,1671,2,21,334749,NA,197,210,30377,833594,9,0,0,0,0,3888133,0,259950,187712,4874,Facebook,Organic
Link,1905353,1916252,2979021,53689,8376,7719,494,163,40519,14861,NA,NA,204,0,493,0,351,0,45,0,1878246,0,52972,27107,717,Facebook,Organic
Video,2820034,2830983,4408524,144628,11342,9222,1669,451,163,130806,352,59470,139,62078,471209,24,267014,11,21969,0,2699671,0,135546,120363,9082,Facebook,Organic
Video,3480617,3456663,5457387,173582,18966,13719,4319,928,74,163117,846,71360,174,46441,556839,21,316866,9,35268,1,3068338,0,159442,412279,14140,Facebook,Organic
Video,15260623,15477146,27442129,845702,245468,154284,53394,37790,879,907073,7499,316678,587,112659,2380266,72,1246593,42,157480,1,5718259,0,495232,9542364,350470,Facebook,Organic
Link,3155974,3109263,4941329,107460,30558,18403,11025,1130,73912,54344,16,NA,383,0,0,0,0,0,0,0,2766494,0,100104,389480,7356,Facebook,Organic
Link,5882532,5741499,9415920,254998,57212,42685,11922,2605,205484,111522,48,NA,642,0,0,0,0,0,0,0,4865121,0,239266,1017411,15732,Facebook,Organic
Link,1626368,1608730,2573201,43719,8304,7420,617,267,30020,17292,143,NA,137,0,0,0,0,0,0,0,1544146,0,42372,82222,1347,Facebook,Organic
Photo,2360889,2346014,3473940,120144,40013,38063,1453,497,430,65680,59834,NA,221,0,0,0,0,0,0,0,2108018,0,109646,252871,10498,Facebook,Organic
Link,3335062,3353717,5253944,135593,39422,35129,2913,1380,78039,62899,164,NA,325,0,0,0,0,0,0,0,3026867,0,128323,308195,7270,Facebook,Organic
Link,1513182,1487575,2406837,62444,9063,7241,1434,388,45205,34913,10,NA,186,0,8,0,5,0,4,0,1350803,0,58752,162379,3692,Facebook,Organic
Link,1637517,1649193,2546937,58114,12161,11303,604,254,37879,23678,NA,2,197,0,358,0,237,0,144,0,1578658,0,57003,58859,1111,Facebook,Organic
Video,3413064,3471904,4948691,210139,27005,24146,1761,1098,939,174309,913,102064,233,15635,735912,44,456129,23,265616,11,2806400,0,180386,606664,29753,Facebook,Organic
Link,3050206,3058521,4586833,71424,20148,18902,816,430,15757,54503,59,357,386,0,1,0,1,0,0,0,2830950,0,68541,219256,2883,Facebook,Organic
Link,2607156,2632922,4049906,52535,13802,12629,877,296,15722,36788,NA,272,290,0,10,0,5,0,0,0,2532100,0,51005,75056,1530,Facebook,Organic
Link,2347720,2329188,3622121,59766,16467,15001,980,486,17771,43830,6,305,265,0,560,0,241,0,1,0,2215305,0,57252,132415,2514,Facebook,Organic
Video,4096309,4142942,7300349,59675,18135,14684,3252,199,604,62580,529,20728,283,7904708,260371,4,98584,3,190,0,2009614,0,45674,2086695,14001,Facebook,Organic
Link,1372714,1382393,2246104,49704,10774,9907,685,182,11104,44029,3,185,184,0,0,0,0,0,0,0,1339036,0,48591,33678,1113,Facebook,Organic
Link,2585796,2559115,4077896,61006,11463,10456,800,207,15624,48212,9,309,331,0,1,0,1,0,1,0,2377877,0,59479,207919,1527,Facebook,Organic
Link,2267295,2272018,3618225,58293,10751,9789,736,226,14409,52542,5,252,277,0,0,0,0,0,0,0,2200605,0,57331,66690,962,Facebook,Organic
Link,1151155,1156216,1903691,22527,2118,1932,161,25,17124,7447,NA,1,172,0,0,0,0,0,0,0,1150727,0,22402,428,125,Facebook,Organic
Link,2826309,2835827,4431895,73178,12264,11399,642,223,16503,66566,3,382,315,0,0,0,0,0,0,0,2738905,0,72256,87404,922,Facebook,Organic
Link,1968649,1946992,3032982,95025,40124,35571,2995,1558,27713,61334,46,NA,176,0,58,0,35,0,15,0,1545642,0,86046,423007,8979,Facebook,Organic
Video,650447,646709,985717,47426,5859,5204,432,223,49,24031,284,34523,55,17342,130477,7,89926,6,36415,1,587247,0,38768,63200,8658,Facebook,Organic
Video,684658,697412,1079292,53523,8962,7959,620,383,93,33218,312,31221,64,18729,174713,10,114177,5,43246,0,557418,0,43675,127240,9848,Facebook,Organic
Video,420252,417951,621355,26642,7213,6613,431,169,NA,12677,137,13568,30,6549,106900,8,57001,5,57361,4,343185,0,21632,77067,5010,Facebook,Organic
Video,398820,268481,551097,24423,5217,4683,351,183,5,8943,142,15766,19,8106,75371,22279,21267,6814,20109,6489,244841,23655,17533,153979,6890,Facebook,Paid
Video,1323622,1320809,2209553,94461,12350,9710,1832,808,110,85380,471,41037,64,79166,322277,9,179240,6,19633,0,1093390,0,80864,230232,13597,Facebook,Organic
Link,1577831,1572840,2488509,33449,9053,8173,699,181,13037,17984,29,1,195,0,0,0,0,0,0,0,1512337,0,30081,65494,3368,Facebook,Organic
Link,193539,194523,350575,10559,5059,4578,354,127,4383,3967,1,NA,16,0,0,0,0,0,0,0,177695,0,10023,15844,536,Facebook,Organic
Link,1733882,1739684,2766107,32817,7475,6679,648,148,13724,18846,2,NA,206,0,6,0,2,0,2,0,1700830,0,31865,33052,952,Facebook,Organic
Link,6146163,6302070,10254776,138830,58213,55657,1726,830,56318,58808,1036,NA,453,0,40,0,20,0,4,0,1922256,0,57721,4223907,81109,Facebook,Organic
Link,106668,107114,189665,3927,2070,1690,316,64,1630,1440,NA,1,9,0,227,0,143,0,36,0,94676,0,3618,11992,309,Facebook,Organic
Video,4101302,4146362,6910109,149434,29631,18942,7886,2803,1053,98298,2543,81651,61,76457,464770,13,269027,7,37821,1,1825139,0,101687,2276163,47747,Facebook,Organic
Video,273525,277512,415977,24088,5347,4753,412,182,645,11242,251,14707,20,6079,78201,1,40340,0,40294,0,206078,0,18380,67447,5708,Facebook,Organic
Video,1206374,1222177,1802065,119377,18188,12172,4608,1408,4590,65681,855,71833,30,55934,312062,84,178789,64,29730,10,694706,0,72197,511668,47180,Facebook,Organic
Video,1542536,1565423,2297163,55300,10834,9128,788,918,43,30996,459,32536,20,69331,176175,21,98553,10,28385,1,727293,0,35850,815243,19450,Facebook,Organic
Link,3285530,3318320,5706947,126514,25210,22951,1606,653,84276,53812,3,1,343,0,339,0,251,0,193,0,3090253,0,124175,195277,2339,Facebook,Organic
Video,5883495,5919263,10182233,297141,66280,47018,14250,5012,1033,253569,2552,148243,86,15337,857572,86,616114,60,419888,23,2105997,0,196592,3777498,100549,Facebook,Organic
Link,311445,315356,517614,7776,1592,1446,123,23,4660,2950,1,NA,34,0,0,0,0,0,0,0,286782,0,7486,24663,290,Facebook,Organic
Link,198247,198314,344642,9050,3293,2989,259,45,4137,3558,NA,NA,23,0,0,0,0,0,0,0,188447,0,8837,9800,213,Facebook,Organic
Link,1527673,1528774,2459037,36227,3077,2849,184,44,28101,10850,NA,NA,89,0,2,0,1,0,1,0,1514365,0,35649,13308,578,Facebook,Organic
Link,1487443,1497332,2325645,33860,5602,5202,313,87,21535,13615,1,NA,115,0,7,0,5,0,4,0,1473474,0,33413,13969,447,Facebook,Organic
Link,2597189,2572490,4073287,81346,9059,7936,863,260,63105,27987,11,NA,172,0,323,0,221,0,111,0,2439918,0,77975,157271,3371,Facebook,Organic
Video,493537,490487,883819,64707,6983,6380,359,244,100,32041,540,47157,37,18366,140282,1,97087,1,50194,1,390459,0,51708,103078,12999,Facebook,Organic
Video,1489865,1498213,2275993,123535,11633,10580,620,433,55,94226,590,80795,63,20329,323810,2,208232,1,60006,1,1386005,0,115257,103860,8278,Facebook,Organic
Video,2806139,2831770,4433562,233780,16473,15042,894,537,492,193273,1293,142821,163,20329,571022,21,385490,9,109762,1,2570020,0,216309,236119,17471,Facebook,Organic
Link,103686,103669,184228,4645,1538,1382,115,41,1788,2333,16,2,7,0,1171,0,862,0,316,0,96969,0,4487,6717,158,Facebook,Organic
Video,181495,182750,258169,26757,2791,2446,158,187,246,7566,141,22113,4,20329,54385,3,38088,2,10360,2,113781,0,20383,67714,6374,Facebook,Organic
Link,148989,149528,274821,8667,2401,2179,154,68,5527,3333,NA,1,8,0,1,0,0,0,0,0,140134,0,8506,8855,161,Facebook,Organic
Link,3566954,3568253,5736597,161361,16610,14259,1911,440,89015,110843,4,NA,338,0,2,0,1,0,0,0,3399145,0,157899,167809,3462,Facebook,Organic
Link,515040,510827,833100,27282,5464,4819,452,193,22063,8242,NA,NA,40,0,12,0,9,0,3,0,358547,0,22132,156493,5150,Facebook,Organic
Link,2931586,2935058,4551812,90052,16897,14705,1674,518,46330,52680,5,NA,263,0,366,0,237,0,29,0,2761958,0,88236,169628,1816,Facebook,Organic
Video,4776834,4785746,7704628,322426,76993,55378,12128,9487,1401,319343,2801,125319,93,101353,762148,8,464276,4,62605,0,1882366,0,224397,2894468,98029,Facebook,Organic
Video,19024887,19879551,38505966,1694330,507836,284339,144219,79278,14376,1856522,17686,556269,731,114174,4232160,56,2273228,28,462055,3,4084977,0,655573,14939910,1038757,Facebook,Organic
Video,1620224,1630154,2429871,162241,19199,16600,1604,995,246,134196,764,80649,101,18729,407417,2,233599,0,71806,0,1391698,0,149408,228526,12833,Facebook,Organic
Video,214342,216875,308920,29890,3298,2883,210,205,144,11354,129,23031,11,24105,90598,2,50098,2,10928,0,150024,0,22824,64318,7066,Facebook,Organic
Link,2701522,2747177,4165948,70074,22068,18884,1966,1218,14680,57044,17,303,248,0,1,0,1,0,1,0,2487402,0,65106,214120,4968,Facebook,Organic
Link,107550,106735,188027,4003,2017,1726,225,66,1209,1722,NA,NA,13,0,7,0,2,0,1,0,95747,0,3789,11803,214,Facebook,Organic
Link,125373,125825,230881,6522,2227,2025,141,61,3648,2325,2,NA,15,0,285,0,128,0,73,0,117585,0,6410,7788,112,Facebook,Organic
SharedVideo,138336,136860,295946,6785,1416,1312,104,NA,326,6613,NA,127,6,13459,17903,101,0,0,0,0,132233,294,6634,6103,151,Facebook,Paid
SharedVideo,74861,73499,135570,5632,1092,999,93,NA,349,5522,NA,197,5,51561,11403,161,0,0,0,0,68617,343,5469,6244,163,Facebook,Paid
Video,18473494,16459225,34949223,1422518,330750,218382,65275,47093,1371,1415641,14688,548967,517,50473,3528998,1324819,2044329,656161,571247,109201,4925697,712408,669325,13547797,753193,Facebook,Paid
Video,2625369,2663056,4255264,213240,15963,13676,1571,716,234,167572,1107,149493,253,11283,507746,23,346599,17,311141,15,2464082,0,196270,161287,16970,Facebook,Organic
Video,130842,131234,225729,18264,1878,1567,241,70,234,5157,164,14599,4,19155,53440,3,32846,2,13827,2,114610,0,13777,16232,4487,Facebook,Organic
Video,2640529,2619744,4043332,200131,14908,12844,1616,448,191,165364,1056,131270,240,20350,444731,1,360874,1,232965,1,2434304,0,186630,206225,13501,Facebook,Organic
Video,2050282,2040975,3291789,160465,7383,6639,514,230,245,131586,723,114325,225,11710,387745,4,262144,3,241146,3,1950281,0,152354,100001,8111,Facebook,Organic
Video,2282652,2298147,3762498,190046,9374,8497,644,233,294,159880,1047,136837,270,12563,464437,5,248429,2,189569,2,2203296,0,180898,79356,9148,Facebook,Organic
Video,1651279,1655731,2736392,68604,5287,4376,640,271,7,50561,732,38801,30,114110,213785,13,144402,12,45423,1,957957,0,51366,693322,17238,Facebook,Organic
Video,2296278,2294888,3721781,233122,9565,8636,670,259,403,195988,1096,158097,214,12243,481543,0,377240,0,302425,0,2201354,0,226460,94924,6662,Facebook,Organic
Video,2301472,2288176,3543435,195084,10200,8900,948,352,330,152858,1012,143877,220,10515,433577,0,292687,0,289959,0,2235242,0,188515,66230,6569,Facebook,Organic
Video,783597,785585,1417526,88936,6285,5708,430,147,72,63125,471,58722,86,11923,189880,0,114022,0,93936,0,752577,0,83492,31020,5444,Facebook,Organic
Link,1472562,1467686,2462383,11885,1778,1588,176,14,6742,5736,NA,4,120,0,51,0,38,0,26,0,1452018,0,11756,20544,129,Facebook,Organic
Video,2281724,2320422,3535695,197776,9727,8258,1174,295,375,165823,999,129543,221,14526,452305,0,380219,0,211847,0,2140096,0,184333,141628,13443,Facebook,Organic
Link,2474332,2484604,3948336,101998,5384,4813,507,64,80161,33355,NA,2,225,0,237,0,202,0,113,0,2401810,0,101518,72522,480,Facebook,Organic
Video,1772002,1774982,2934465,170807,12348,10538,1410,400,274,135600,982,113659,202,17022,377706,2,328082,0,167602,0,1663642,0,159261,108360,11546,Facebook,Organic
Video,2468677,2457960,3884446,222536,12907,11104,1385,418,480,175468,1182,150774,266,10494,479586,1,303520,1,300814,1,2277062,0,209416,191615,13120,Facebook,Organic
Link,1421523,1418384,2364809,12942,1552,1405,108,39,7073,5892,38,NA,128,0,1,0,1,0,1,0,1394712,0,12796,26811,146,Facebook,Organic
Photo,2467637,2471805,3908251,116899,63167,60622,1055,1490,72,47827,49505,NA,296,0,0,0,0,0,0,0,2188513,0,107150,279124,9749,Facebook,Organic
Link,5399450,5339386,8890097,284079,20931,16213,4064,654,238566,97071,47,1,473,0,866,0,738,0,378,0,4923083,0,273382,476367,10697,Facebook,Organic
Video,2684270,2639529,4057699,200812,15180,13113,1534,533,627,165620,1020,125958,241,16915,440682,8,376670,8,196723,2,2343237,0,183840,341033,16972,Facebook,Organic
Video,3444610,3425772,5309426,307487,31363,25158,4789,1416,438,268202,2521,197383,351,17065,659188,0,571906,0,358021,0,2868385,0,268755,576225,38732,Facebook,Organic
Link,2217207,2229688,3519693,73013,4297,3865,391,41,60522,24405,NA,2,231,0,214,0,131,0,95,0,2137020,0,71875,80187,1138,Facebook,Organic
Video,2410523,2403631,3635169,210957,7095,6451,483,161,172,163518,1017,145352,315,12691,462419,1,311292,1,242956,1,2337653,0,203855,72870,7102,Facebook,Organic
Video,1785697,1795070,2851995,154628,10308,8756,1146,406,273,118790,825,100464,159,12819,349041,2,257316,0,192138,0,1703841,0,146382,81856,8246,Facebook,Organic
Link,1465070,1481725,2399117,17263,1752,1600,124,28,8306,10259,2,4,125,0,578,0,424,0,347,0,1445493,0,17123,19577,140,Facebook,Organic
Video,2664081,2661902,4184265,235631,9153,8108,776,269,396,192643,1090,164025,230,12094,540123,2,408944,1,338317,1,2553940,0,228783,110141,6848,Facebook,Organic
Photo,4329174,4329875,7120420,582440,48892,45119,2366,1407,248,165321,664001,2,394,0,0,0,0,0,0,0,3668930,0,527197,660244,55243,Facebook,Organic
Link,5952893,5934646,9898783,323248,28403,20774,6388,1241,282268,95402,805,NA,504,0,357,0,256,0,152,0,5347995,0,307987,604898,15261,Facebook,Organic
Video,2294810,2279994,3538345,193924,11518,10008,1106,404,805,159870,1326,128789,205,12947,431400,0,333732,0,211732,0,2160657,0,185238,134153,8686,Facebook,Organic
Video,2855995,2888738,4627470,276093,9421,8043,1092,286,628,225757,1306,183945,249,13289,602717,0,421225,0,329468,0,2764603,0,265074,91392,11019,Facebook,Organic
Link,2326917,2344214,3728031,80581,4921,4323,554,44,61534,33554,5,NA,229,0,219,0,166,0,106,0,2289970,0,79256,36947,1325,Facebook,Organic
Video,2797635,2813108,4530564,217269,7272,6446,618,208,433,175995,901,148996,239,13758,516164,0,416851,0,291182,0,2714738,0,210362,82897,6907,Facebook,Organic
Photo,8415939,8517852,13102861,482488,282400,269673,2731,9996,46,170861,211554,4,1014,0,0,0,0,0,0,0,5016650,0,399265,3399289,83223,Facebook,Organic
Video,2967620,2994169,4886056,232943,10380,8113,1954,313,389,195277,1345,159275,218,11177,541053,1,330553,0,304763,0,2831991,0,224273,135629,8670,Facebook,Organic
Link,482543,479427,858691,28231,4543,3329,1074,140,20390,11871,8,1,26,0,245,0,163,0,127,0,388720,0,26546,93823,1685,Facebook,Organic
Video,2409330,2404026,3957879,214031,11956,9845,1596,515,196,168257,1387,137535,202,11710,459788,2,314080,2,264057,2,2239557,0,202224,169773,11807,Facebook,Organic
Link,2001091,2018238,3167510,68204,5153,4409,665,79,55990,29927,3,4,213,0,249,0,218,0,119,0,1941381,0,67404,59710,800,Facebook,Organic
Video,3165313,3182922,5219913,249632,10655,9134,1117,404,233,215554,1240,182832,249,16425,615952,1,532577,1,312276,0,2860032,0,229923,305281,19709,Facebook,Organic
Video,4524185,4602895,7575443,453379,27796,22271,4193,1332,888,413816,2860,307552,392,14654,974954,1,838130,1,609178,1,3863161,0,394577,661024,58802,Facebook,Organic
Link,3393097,3411238,5673908,147148,9164,7127,1673,364,130947,46121,7,8,351,0,529,0,310,0,259,0,3210338,0,145690,182759,1458,Facebook,Organic
Video,3725082,3726523,6213581,329166,14590,12556,1497,537,884,282320,1364,217919,289,11625,766829,0,478655,0,418827,0,3474119,0,316023,250963,13143,Facebook,Organic
Link,3556332,3560424,5716108,127324,7897,6827,970,100,111791,40917,2,NA,346,0,5,0,4,0,2,0,3435400,0,124678,120932,2646,Facebook,Organic
Link,192207,190071,310429,4203,1043,768,246,29,2296,1885,4,1,11,0,227,0,194,0,135,0,149911,0,3504,42296,699,Facebook,Organic
Video,687582,707401,1271584,46639,3566,2824,487,255,100,25309,282,38692,30,13246,113532,0,101155,0,73624,0,552132,0,32691,135450,13948,Facebook,Organic
Video,2747058,2801337,5137848,244029,14232,11724,1851,657,332,202436,1328,174450,194,16681,580181,0,503607,0,405211,0,2296377,0,218362,450681,25667,Facebook,Organic
Link,259598,258209,426329,2648,636,524,95,17,1384,1075,8,NA,38,0,8,0,6,0,6,0,245404,0,2570,14194,78,Facebook,Organic
Photo,155856,153265,250547,29845,3422,3218,172,32,29,2792,39453,1,14,0,0,0,0,0,0,0,110566,0,22380,45290,7465,Facebook,Organic
Video,1389993,1405511,2243334,54991,5731,5208,147,376,68,27342,338,35972,39,6890,211855,44,174967,38,180066,39,837730,0,35023,552263,19968,Facebook,Organic
Link,2813199,2817102,4494746,107906,5497,4960,454,83,92007,31427,25,NA,285,0,227,0,189,0,111,0,2732334,0,105635,80865,2271,Facebook,Organic
Video,1020083,1050247,1988129,71847,4206,3598,388,220,181,32922,406,58674,41,18153,165338,0,151074,0,88159,0,844129,0,55394,175954,16453,Facebook,Organic
Video,816164,849190,1526184,67137,4734,3576,894,264,116,38755,464,49872,21,10111,144329,0,102572,0,103819,0,662121,0,48267,154043,18870,Facebook,Organic
Video,2231072,2210972,3730848,199507,10531,9189,943,399,356,175065,845,140919,178,12243,492175,0,297720,0,250188,0,1945046,0,181873,286026,17634,Facebook,Organic
Link,1875417,1871644,3308223,19940,1682,1415,211,56,13485,7383,NA,1,166,0,0,0,0,0,0,0,1846032,0,19767,29385,173,Facebook,Organic
Link,2559932,2573701,4258747,77815,4821,4252,517,52,61419,25648,NA,1,233,0,313,0,207,0,151,0,2487908,0,76370,72024,1445,Facebook,Organic
Video,4134256,4165443,6672680,307703,10813,9016,1286,511,595,256672,1304,214866,292,12222,723186,0,489264,0,382578,0,3231782,0,274835,902474,32868,Facebook,Organic
Video,5741652,5763200,10319927,618597,33586,26975,4898,1713,1129,555110,3818,454728,432,17790,1324253,0,1191824,0,923634,0,4498297,0,530866,1243355,87731,Facebook,Organic
Video,1655363,1678808,3021084,149577,9290,7422,1420,448,130,92278,1332,107955,86,13011,336815,1,269636,1,211426,1,1380450,0,128220,274913,21357,Facebook,Organic
Photo,4127645,4182498,7100982,620507,37510,33673,2836,1001,60,136594,669524,2,386,0,0,0,0,0,0,0,3840354,0,598947,287291,21560,Facebook,Organic
Link,1620147,1616219,2755540,22910,2050,1665,345,40,10718,13073,510,NA,143,0,1,0,1,0,1,0,1584762,0,22503,35385,407,Facebook,Organic
Link,1159619,1133983,1960229,12595,1468,1299,144,25,6695,6127,128,NA,88,0,8,0,5,0,5,0,1044518,0,11624,115101,971,Facebook,Organic
Link,2595570,2649169,4378679,83590,7358,6721,529,108,63435,29755,51,2,295,0,263,0,229,0,198,0,2403701,0,77472,191869,6118,Facebook,Organic
Video,4587563,4565906,8322371,378372,19245,15275,2907,1063,912,312464,2090,281335,380,13246,917092,0,810466,0,716498,0,3957269,0,339863,630294,38509,Facebook,Organic
Video,5129525,5061771,8667250,461728,20683,17568,2097,1018,1047,390379,2249,344907,379,11923,1095203,1,731255,1,639947,1,4067412,0,407934,1062113,53794,Facebook,Organic
Video,6087409,6143790,11367050,539417,37207,27641,7364,2202,1058,444764,3192,402680,446,18793,1277947,0,1106521,0,847757,0,4639e3,0,453104,1448409,86313,Facebook,Organic
Link,1937578,1948381,3308950,28002,2375,2084,243,48,17444,13897,NA,2,143,0,1,0,0,0,0,0,1889650,0,27393,47928,609,Facebook,Organic
Link,2543746,2539485,4187439,85022,6685,6068,532,85,71060,26294,17,NA,206,0,1,0,1,0,0,0,2467760,0,84139,75986,883,Facebook,Organic
Link,1959994,1980836,3204409,66718,6233,5255,869,109,51034,23941,2,NA,157,0,13,0,12,0,8,0,1881022,0,65280,78972,1438,Facebook,Organic
Link,4204027,4205778,7249172,216828,16941,12692,3750,499,190351,86696,7,4,405,0,581,0,475,0,393,0,3908738,0,208683,295289,8145,Facebook,Organic
Video,2812247,2875843,5380320,277465,20813,15639,4045,1129,1287,168160,1897,203623,139,11561,624919,13,535431,11,454483,10,2170995,0,226033,641252,51432,Facebook,Organic
Link,1349475,1362233,2326640,17660,2028,1733,250,45,9901,8120,NA,NA,124,0,1,0,1,0,1,0,1296147,0,17083,53328,577,Facebook,Organic
Link,2978268,2967586,4958947,110731,6358,5532,757,69,95422,31795,NA,NA,296,0,25,0,18,0,15,0,2835222,0,109381,143046,1350,Facebook,Organic
Link,364172,368026,606059,4332,695,545,132,18,2086,2250,NA,2,11,0,761,0,449,0,449,0,303717,0,3975,60455,357,Facebook,Organic
Video,1125450,1164914,1982630,85370,6444,4816,1135,493,169,30878,512,70478,26,9770,197331,0,131102,0,131862,0,897288,0,63130,228162,22240,Facebook,Organic
Video,1044408,1067834,1761242,72900,3252,2628,435,189,73,30270,329,59744,21,9877,168149,0,123377,0,124557,0,806808,0,49126,237600,23774,Facebook,Organic
Video,873636,874612,1447636,55528,2982,2419,368,195,26,13236,276,51668,10,12713,134203,0,97528,0,67838,0,727053,0,44551,146583,10977,Facebook,Organic
Link,400095,391755,811770,4180,1228,955,230,43,1760,2268,3,2,13,0,1,0,0,0,0,0,328414,0,3720,71681,460,Facebook,Organic
Photo,131748,132301,231641,24002,840,664,159,17,184,359,28815,NA,6,0,0,0,0,0,0,0,96159,0,18129,35589,5873,Facebook,Organic
Link,3744456,3844147,6582636,202600,9599,8546,916,137,171272,73267,17,NA,306,0,133,0,94,0,85,0,3589223,0,200579,155233,2021,Facebook,Organic
Video,5699001,5773887,10733909,594442,25233,19911,3685,1637,1210,473492,3378,438776,429,11328,1295465,1,1062238,1,998964,1,4460607,0,498884,1238394,95558,Facebook,Organic
Video,1411365,1435414,2216842,110164,4282,3619,467,196,82,43846,440,90578,27,12330,233267,0,188907,0,138509,0,977775,0,70749,433590,39415,Facebook,Organic
Video,1212954,1215197,2017845,91817,4561,3893,464,204,24,35831,723,77928,50,10453,220235,0,144646,0,143848,0,1001402,0,77746,211552,14071,Facebook,Organic
Link,215181,215146,546948,2175,822,712,97,13,356,1017,423,5,4,0,0,0,0,0,0,0,184739,0,2107,30442,68,Facebook,Organic
Photo,185136,185239,336342,38085,2311,2056,227,28,47,5541,47676,3,11,0,0,0,0,0,0,0,159394,0,30422,25742,7663,Facebook,Organic
Link,323697,327080,678626,2954,668,561,82,25,1001,1353,373,2,10,0,160,0,97,0,94,0,299043,0,2884,24654,70,Facebook,Organic
Video,1201539,1224569,1944001,79397,3440,2969,293,178,95,26857,506,67370,17,9216,184118,0,112335,0,112983,0,903495,0,56189,298044,23208,Facebook,Organic
Link,3115492,3115548,5078113,122126,6348,5642,632,74,100386,39385,137,2,268,0,29,0,18,0,14,0,3062990,0,121460,52502,666,Facebook,Organic
Video,2332406,2353260,4190267,225360,15078,11923,2322,833,108,149225,2086,173135,112,12160,487855,0,418456,0,334186,0,1757551,0,185739,574855,39621,Facebook,Organic
Video,4822624,4968630,8736140,456597,18675,15316,2466,893,740,400082,2775,320565,363,12565,1034391,0,769115,0,647555,0,4007614,0,387479,815010,69118,Facebook,Organic
Video,849404,850036,1515135,44061,1952,1703,166,83,14,9591,245,41131,7,9578,107954,0,61875,0,63099,0,696743,0,35187,152661,8874,Facebook,Organic
Video,1146036,1149503,2121130,95520,6665,5960,459,246,127,45243,883,75361,52,10282,224044,0,147332,0,150464,0,988245,0,84024,157791,11496,Facebook,Organic
Link,4704070,4757004,7947258,216098,20917,18665,1893,359,183465,72259,4,1,455,0,9,0,6,0,0,0,4459706,0,206458,244364,9640,Facebook,Organic
Link,452516,463774,788801,10173,1167,1022,124,21,4518,6384,NA,1,12,0,456,0,311,0,83,0,421090,0,10025,31426,148,Facebook,Organic
Video,1143459,1147152,1945010,36457,2339,1778,341,220,283,16180,405,28364,16,88362,105534,0,73475,0,18386,0,641185,0,27443,502274,9014,Facebook,Organic
Link,1979820,1970937,3217162,70575,8406,7897,459,50,75452,29948,NA,1,219,0,337,0,249,0,40,0,1878467,0,68475,101353,2100,Facebook,Organic
Video,927252,967641,1667385,59532,3502,2918,350,234,215,34158,465,42873,29,31131,171310,0,134492,0,24077,0,624700,0,41576,302552,17956,Facebook,Organic
Link,215949,214948,354894,2988,729,534,178,17,1371,1644,NA,1,9,0,52,0,38,0,34,0,141209,0,2228,74740,760,Facebook,Organic
Video,20603387,3356872,40541403,1264781,84672,72336,7740,4596,379,139823,1646,1531772,1275,11644,409839,6428199,275508,3772730,250079,3392094,1510980,628835,160537,19092407,1104244,Facebook,Paid
Link,3732676,3781720,6312717,176204,14286,12369,1717,200,147135,56686,3,2,365,0,8,0,5,0,4,0,3551169,0,170768,181507,5436,Facebook,Organic
Link,291260,287296,485161,4734,850,599,225,26,2198,2475,NA,4,13,0,364,0,314,0,265,0,214647,0,4082,76613,652,Facebook,Organic
Video,3878905,3902126,6544856,387397,17375,14988,1604,783,851,310700,2241,270306,325,12045,865746,1,743906,1,624615,1,3451451,0,354901,427454,32496,Facebook,Organic
Link,1893719,1878490,3097738,37901,21453,20592,382,479,4714,19182,370,282,225,0,198,0,159,0,33,0,1742193,0,35550,151526,2351,Facebook,Organic
Video,1325939,1330956,2458595,93407,4294,3361,467,466,198,65569,476,52996,58,40473,285338,0,228393,0,43467,0,853482,0,60862,472457,32545,Facebook,Organic
Link,140509,140742,249803,1372,435,364,64,7,333,828,2,NA,3,0,0,0,0,0,0,0,110564,0,1311,29945,61,Facebook,Organic
Link,2945050,2906198,4559006,52780,11339,10745,308,286,10411,41746,551,672,305,0,4,0,3,0,2,0,2863688,0,51454,81362,1326,Facebook,Organic
Photo,1018902,1022229,1644746,255499,7712,7241,388,83,42,73471,302589,4,61,0,0,0,0,0,0,0,992986,0,247613,25916,7886,Facebook,Organic
Photo,249791,250621,440984,42336,3198,2603,551,44,29,7047,50533,1,10,0,0,0,0,0,0,0,222835,0,35816,26956,6520,Facebook,Organic
Video,707680,711266,1340155,57074,3444,3050,259,135,126,21745,1649,45184,24,10510,127780,1,100997,0,100477,0,555939,0,47085,151741,9989,Facebook,Organic
Link,4260059,4238915,7148786,233499,14500,12476,1742,282,256800,85953,274,2,396,0,6,0,4,0,1,0,4079487,0,228867,180572,4632,Facebook,Organic
Link,324902,321262,559161,5402,667,578,76,13,2891,2707,182,1,27,0,30,0,24,0,1,0,302105,0,5318,22797,84,Facebook,Organic
Link,2920818,2910828,4638238,61057,27614,24431,2049,1134,10446,36213,15,926,358,0,636,0,469,0,59,0,2746611,0,58190,174207,2867,Facebook,Organic
Video,693836,693737,1224572,34096,1443,1194,138,111,287,12830,307,27634,15,34034,87184,0,69320,0,11245,0,572224,0,26808,121612,7288,Facebook,Organic
Link,344084,344187,625709,8802,2775,2658,97,20,2862,4962,1,20,30,0,7,0,5,0,1,0,319067,0,8695,25017,107,Facebook,Organic
Link,2691664,2707267,4538331,115406,4902,4308,547,47,93666,38136,1,4,278,0,27,0,17,0,6,0,2662157,0,114510,29507,896,Facebook,Organic
Link,228226,224571,375467,3154,477,406,56,15,1275,1912,2,5,16,0,775,0,551,0,239,0,207914,0,3094,20312,60,Facebook,Organic
Video,408503,424358,808417,22573,1398,1239,98,61,623,11781,328,15522,11,13320,83351,0,60365,0,21184,0,299789,0,14560,108714,8013,Facebook,Organic
Video,838689,836960,1544536,77894,5310,4610,535,165,98,44446,1110,58184,62,10577,182555,0,148633,0,149672,0,661070,0,63543,177619,14351,Facebook,Organic
Video,846046,880339,1624002,68767,5116,3653,905,558,41,55723,1110,40223,47,39706,222983,0,160328,0,19203,0,581061,0,45102,264985,23665,Facebook,Organic
Photo,2860499,2856651,4660538,434539,15908,14826,913,169,11,89154,470026,5,261,0,0,0,0,0,0,0,2766417,0,423203,94082,11336,Facebook,Organic
Video,4307875,4376734,7662385,455548,25776,21345,3048,1383,850,397430,4048,294848,376,12979,1000662,0,802892,0,582124,0,3565354,0,385172,742521,70376,Facebook,Organic
Photo,885260,885146,1442043,60822,8307,7919,310,78,9,24006,56170,4,81,0,0,0,0,0,0,0,848984,0,55072,36276,5750,Facebook,Organic
Link,5602615,5680503,10125303,275687,19902,16346,3100,456,228368,93097,190,5,666,0,1,0,1,0,0,0,5237780,0,265198,364835,10489,Facebook,Organic
Link,3733213,3777751,6317288,73772,43750,41673,573,1504,8227,37720,119,353,327,0,3,0,3,0,1,0,3527606,0,71064,205607,2708,Facebook,Organic
Link,448056,443589,890115,5281,755,679,63,13,2466,2565,61,1,15,0,260,0,183,0,39,0,425622,0,5221,22434,60,Facebook,Organic
Video,598604,622623,1073789,27925,1657,1316,212,129,186,10093,349,24454,6,26826,67626,0,55951,0,12215,0,516585,0,23165,82019,4760,Facebook,Organic
Link,2407255,2410691,3778400,70301,5324,4862,406,56,54568,29083,2,1,308,0,131,0,99,0,22,0,2352225,0,69969,55030,332,Facebook,Organic
Video,968106,1011759,1626852,69376,2581,1964,480,137,65,37497,533,52566,30,41908,165062,0,126544,0,23093,0,659190,0,48699,308916,20677,Facebook,Organic
Link,423768,433458,840305,10549,4630,4061,285,284,1331,8374,1,118,35,0,196,0,168,0,33,0,386177,0,10196,37591,353,Facebook,Organic
Video,799993,819143,1419081,40930,1621,1310,248,63,24,27881,371,26868,27,32966,112799,0,86165,0,16053,0,507391,0,27336,292602,13594,Facebook,Organic
Link,3262495,3262563,5245027,55034,16866,13751,1922,1193,10382,38445,41,790,361,0,3,0,2,0,0,0,3081393,0,52758,181102,2276,Facebook,Organic
Link,1227334,1227094,2159476,17418,1644,1446,156,42,9925,8100,NA,2,108,0,13,0,11,0,2,0,1204199,0,17313,23135,105,Facebook,Organic
Link,2136851,2127138,3380451,31191,17878,17310,233,335,3144,13665,3,292,219,0,779,0,584,0,89,0,2022104,0,30513,114747,678,Facebook,Organic
Video,765179,803534,1413802,36739,1750,1438,231,81,84,23051,291,24171,16,40740,126376,0,93157,0,14786,0,556943,0,25664,208236,11075,Facebook,Organic
Link,2876065,2884315,4644396,93981,5092,4415,621,56,78919,31772,NA,NA,328,0,451,0,224,0,35,0,2755796,0,92107,120269,1874,Facebook,Organic
Video,1104826,1102887,1895526,35583,3186,2886,196,104,179,35360,343,12190,73,153040,197087,0,84745,0,15315,0,1056316,0,33658,48510,1925,Facebook,Organic
Link,1463298,1460006,2264559,19730,9962,9558,234,170,2319,10883,1,184,209,0,591,0,471,0,104,0,1409850,0,19065,53448,665,Facebook,Organic
Video,632574,671773,1358192,45197,3739,2961,371,407,102,36260,416,27571,28,52919,119569,0,92151,0,21759,0,379723,0,27949,252851,17248,Facebook,Organic
Link,142292,143511,257124,1591,373,300,57,16,619,885,4,3,5,0,18,0,14,0,3,0,123304,0,1545,18988,46,Facebook,Organic
Link,2049457,2074396,3197019,31615,21765,21205,232,328,3583,11448,12,280,221,0,358,0,269,0,84,0,1920297,0,29449,129160,2166,Facebook,Organic
Video,2295343,2331647,4235991,192507,7691,5544,1405,742,236,168060,2212,114011,207,56523,628358,0,471584,0,106660,0,1692807,0,162674,602536,29833,Facebook,Organic
Photo,2380276,2385402,3738216,353904,10262,9666,500,96,18,61594,379700,1,266,0,0,0,0,0,0,0,2313392,0,344389,66884,9515,Facebook,Organic
Video,733266,766646,1473950,38913,2629,2039,449,141,70,35512,968,17322,31,41241,145798,0,108980,0,17808,0,422728,0,22772,310538,16141,Facebook,Organic
Link,2678014,2667778,4106656,38102,11534,10156,844,534,8103,25884,615,702,336,0,0,0,0,0,0,0,2493755,0,35092,184259,3010,Facebook,Organic
Link,793808,823350,1555934,10906,1223,1077,119,27,5174,5832,458,NA,45,0,9,0,7,0,4,0,776270,0,10781,17538,125,Facebook,Organic
Photo,409351,414846,710258,72505,5990,4810,1104,76,57,25460,84998,NA,26,0,0,0,0,0,0,0,304922,0,55391,104429,17114,Facebook,Organic
Link,2950665,2969671,4746988,69439,17100,13768,2122,1210,22552,50370,346,949,336,0,674,0,484,0,93,0,2645288,0,62996,305377,6443,Facebook,Organic
Video,495830,516077,1036407,34049,1829,1494,267,68,118,27381,699,19961,30,39160,114560,0,79494,0,13854,0,299727,0,20654,196103,13395,Facebook,Organic
Link,3149582,3119993,4858865,108364,9973,8916,930,127,83591,44134,47,2,375,0,326,0,285,0,210,0,2930054,0,104952,219528,3412,Facebook,Organic
Video,430246,425681,1003377,28983,4868,3680,803,385,271,17070,672,20598,26,15515,63608,0,55960,0,45264,0,319157,0,22962,111089,6021,Facebook,Organic
Link,411118,406793,659983,5648,785,665,106,14,2260,3467,64,NA,27,0,230,0,125,0,54,0,353307,0,5167,57811,481,Facebook,Organic
Video,433909,445031,926567,22690,1701,1545,129,27,2812,16932,360,7932,52,14360,79194,0,44051,0,19740,0,353018,0,19734,80891,2956,Facebook,Organic
Video,707241,725656,1318477,47598,4061,3152,584,325,2477,35381,659,31763,24,16641,144796,0,69425,0,45040,0,373668,0,25646,333573,21952,Facebook,Organic
Photo,198276,200559,361998,34077,6354,5616,498,240,49,9336,40252,2,22,0,0,0,0,0,0,0,173752,0,26500,24524,7577,Facebook,Organic
Photo,169263,171124,287992,22907,1838,1633,168,37,48,2756,27271,2,12,0,0,0,0,0,0,0,147003,0,17423,22260,5484,Facebook,Organic
Photo,3538776,3563846,5778635,608383,15679,14679,829,171,70,95858,642590,NA,412,0,0,0,0,0,0,0,3427323,0,596315,111453,12068,Facebook,Organic
Link,384297,389699,641989,12544,2312,1943,306,63,8160,3817,556,3,24,0,470,0,392,0,375,0,244943,0,7870,139354,4674,Facebook,Organic
Video,569683,576384,1216574,57348,5850,4596,753,501,253,48255,1267,35351,27,10977,123914,0,101279,0,96618,0,335484,0,30771,234199,26577,Facebook,Organic
Link,268718,272087,482525,7093,2352,1991,302,59,2858,3677,125,NA,9,0,4,0,3,0,1,0,209612,0,6441,59106,652,Facebook,Organic
Link,226608,225981,555180,2525,738,638,76,24,684,1422,249,NA,5,0,21,0,19,0,14,0,211898,0,2437,14710,88,Facebook,Organic
Photo,188952,188850,321265,31635,4092,3258,746,88,78,7411,36226,NA,19,0,0,0,0,0,0,0,169179,0,26435,19773,5200,Facebook,Organic
Video,4319677,4290272,7308213,417680,29039,24822,3001,1216,977,360836,4707,273157,412,15515,983507,1,851484,0,497768,0,3519588,0,363430,800089,54250,Facebook,Organic
Photo,261917,257304,439975,47534,3221,3037,124,60,100,5828,52910,NA,13,0,0,0,0,0,0,0,209300,0,37676,52617,9858,Facebook,Organic
Link,2274836,2274819,3691466,72254,6705,6103,505,97,51584,27413,882,NA,262,0,0,0,0,0,0,0,2211101,0,71812,63735,442,Facebook,Organic
Link,2625512,2637173,4338346,105950,6989,6362,574,53,79182,42074,524,NA,318,0,0,0,0,0,0,0,2575020,0,105255,50492,695,Facebook,Organic
Photo,164620,164956,289948,21070,1772,1605,122,45,257,2617,23844,NA,12,0,0,0,0,0,0,0,145937,0,16653,18683,4417,Facebook,Organic
Link,1514399,1513467,2343195,26097,9193,8881,232,80,4236,17127,266,285,225,0,1,0,0,0,0,0,1480192,0,25829,34207,268,Facebook,Organic
Link,420328,419629,743732,18916,2694,2179,431,84,14992,5335,1224,NA,32,0,0,0,0,0,0,0,378491,0,18417,41837,499,Facebook,Organic
Photo,1993072,2043718,3494714,486031,42704,38616,1554,2534,712,82260,532545,NA,106,0,0,0,0,0,0,0,1117420,0,303530,875652,182501,Facebook,Organic
Photo,406802,407402,739984,51506,7999,5374,2515,110,99,21004,57095,NA,32,0,0,0,0,0,0,0,377769,0,44070,29033,7436,Facebook,Organic
Link,4107409,4084967,6682222,121435,62781,57300,2421,3060,15539,73945,512,900,509,0,273,0,169,0,81,0,3539590,0,110320,567819,11115,Facebook,Organic
Video,2657116,2665125,4658674,137192,5721,4713,876,132,51,144094,1546,51369,302,20033,443233,0,241585,0,123784,0,2538137,0,133533,118979,3659,Facebook,Organic
Photo,398170,396145,728118,51451,8294,5581,2623,90,41,21537,56675,NA,21,0,0,0,0,0,0,0,366817,0,44980,31353,6471,Facebook,Organic
Link,513874,514674,1057801,7493,999,865,105,29,3018,3985,967,NA,13,0,1,0,1,0,1,0,492111,0,7437,21763,56,Facebook,Organic
Photo,986712,985174,157e4,130141,29610,29052,344,214,50,36395,126717,1,92,0,0,0,0,0,0,0,923172,0,122152,63540,7989,Facebook,Organic
Photo,571511,557539,919218,113637,7242,6873,257,112,49,17004,119215,3,40,0,0,0,0,0,0,0,492115,0,100446,79396,13191,Facebook,Organic
Video,403587,402934,888981,12828,887,746,121,20,47,7429,1428,6822,8,20033,41193,0,26509,0,10450,0,347999,0,11833,55588,995,Facebook,Organic
Link,225880,227070,411479,3975,686,544,105,37,2055,2143,84,NA,8,0,15,0,11,0,3,0,201178,0,3815,24702,160,Facebook,Organic
Link,2579949,2580326,4276276,86013,5844,5381,402,61,67325,28629,45,NA,302,0,254,0,148,0,32,0,2538506,0,85675,41443,338,Facebook,Organic
Video,1687800,1686065,2857045,82783,5859,5109,397,353,204,80872,1015,38825,134,138840,346134,103,197883,68,35314,8,1554642,0,77821,133158,4962,Facebook,Organic
Photo,7445435,7514999,11836665,1531360,107635,100979,2695,3961,107,268342,1556835,2,725,0,0,0,0,0,0,0,4833148,0,1162616,2612287,368744,Facebook,Organic
Video,954704,980469,2267255,74671,4646,3806,574,266,264,56361,1575,49894,47,12879,155730,89,115800,63,90867,48,623224,0,46371,331480,28300,Facebook,Organic
Link,2382673,2376978,3795047,42933,5229,4600,523,106,28566,15664,58,3,286,0,535,6,379,6,267,5,2325104,0,42411,57569,522,Facebook,Organic
Video,655462,642864,1819129,39387,3298,2892,263,143,472,19839,531,30051,35,13146,91202,421,68383,300,48687,182,541923,0,32932,113539,6455,Facebook,Organic
Link,2624354,2654028,4254576,51445,6989,6314,524,151,37210,15916,19,3,240,0,5,0,0,0,0,0,2504566,0,49507,119788,1938,Facebook,Organic
